source1_entity_id	matched_entity_ids
S1-777210964	S2-12029274,S2-407524980,S3-970714334,S3-712922821
S1-190133982	S2-523219173,S3-716445195,S3-986804760
S1-970131671	S2-670035601,S3-392756625
S1-391999301	S2-742819060,S2-339356009,S2-233734305,S3-938838849,S3-99519749
S1-435988542	S2-500704398
S1-351020560	S2-907008976,S3-943702663,S3-503506440,S3-27236093
S1-353020204	S2-403125820,S2-482586584,S3-740655592,S3-701336150
S1-374388852	S2-509116615,S3-913638566
S1-793615008	S2-102911781,S2-942337168,S2-875327982,S3-276503007,S3-154593156
S1-339384180	S2-763394237,S3-162797226,S3-914554628
S1-83174673	S2-348030512,S3-755114994,S3-444196916,S3-130505638
S1-350092923	S2-358229894,S2-910624268,S3-662458828
S1-665522603	S3-813562861
S1-200723243	S2-952851011,S2-788224506,S2-221988027,S2-621477890,S3-153417633,S3-234128350
S1-46329934	S2-704697535,S2-604099225,S2-975202599,S3-688076126,S3-175132143
S1-957340511	S2-363608755,S2-326291497,S2-971669168,S3-603047654,S3-917953818
S1-661807190	S2-7657580,S2-372634346,S2-414241629,S2-240792458,S2-651471068,S3-106044387,S3-306328111,S3-182045112
S1-670305710	S2-892615832,S3-524974871
S1-691615940	S2-748691171,S3-397491565,S3-955477709
S1-116292005	S2-190403429,S2-352866222,S2-807647266,S3-491460140,S3-703236777,S3-903695330
S1-365046346	S2-945105765,S2-517483574,S2-768210231,S3-651020082
S1-631976101	S2-944410437
S1-664752852	S2-5814053,S3-494612950,S3-708404310,S3-124904830
S1-716717325	S2-433164325,S2-686400156
S1-917688015	S2-118644964,S3-417520978,S3-633243555
S1-476955207	S2-972516303,S2-7566950,S2-124302100,S3-789775319
S1-4382837	S2-562887227,S2-517519668,S2-198726559,S3-48446318
S1-461958135	S3-675612540,S3-125659507,S3-258979711
S1-19650681	S2-991556619,S2-263459608,S2-350108285,S3-650501674
S1-572186351	S3-978491801,S3-475374909,S3-584549231
S1-640240542	S2-34840844,S2-729354038,S2-605976812,S2-941429313,S2-768398229,S3-27701680
S1-156157364	S2-901286769,S3-471736729
S1-712708889	S2-299164733,S2-18897662,S3-418677516,S3-739718106,S3-634875131
S1-671346366	S2-868658492,S2-363525059,S3-383919263,S3-248297853,S3-535510201
S1-759562098	S2-161044655,S3-198293329,S3-524636168
S1-332767604	S2-965442097,S2-829442781,S2-198524157,S2-394268066,S3-440786429,S3-87785442
S1-981593689	S2-858193357,S2-959907396
S1-359369117	S2-701861284,S2-357687512,S3-215293918
S1-354889538	S2-334019354,S2-405677992,S2-631087818,S3-785969699
S1-354563783	S2-41073407,S2-139554318,S2-519806810,S2-121035724,S2-137658994,S3-465014444
S1-199335168	S2-586509695,S2-176314669,S3-305631623,S3-273913097,S3-273182727
S1-491000076	S2-193933459,S3-633780653
S1-281610105	S2-44014772,S2-749595501,S3-561270232,S3-479621383,S3-142773697
S1-647547897	S2-853143460,S2-896461354,S2-554846016,S3-230211871
S1-441655063	S2-951619538,S2-591717705,S2-904896126,S2-544023231,S2-197107828
S1-548679969	S2-544535752,S2-614824581,S3-685004187,S3-834011814,S3-176356932
S1-732252654	S2-783535423,S2-412251378,S2-970849995,S3-33731945
S1-500151913	S2-598791675,S3-503089864
S1-387663358	S2-896700091,S3-580474124
S1-449306864	S2-607008616,S2-635513056,S3-535057563,S3-285394589
S1-67184666	S2-724506827,S2-243574627,S3-830067306,S3-377551819,S3-60959987,S3-909121794
S1-186995534	S2-625212533,S3-765700213,S3-650500042
S1-916542392	S2-137719503,S3-961712303,S3-282309817,S3-156311976,S3-897143503
S1-89282797	S2-891402553,S3-285566225,S3-375539033,S3-7372333,S3-642502568
S1-412087365	S3-703677453,S3-9199395,S3-670711982,S3-88895770,S3-906491267
S1-333449389	S2-306494617,S2-570725952,S2-135340534,S3-737543666,S3-528065029
S1-466346556	S2-620586860,S2-505848764,S3-917906951,S3-484396916,S3-737630368,S3-485240976
S1-526135639	S2-181399187,S3-251640233
S1-870244834	S2-624049107,S2-87950807,S3-953911625,S3-150585361,S3-131576795
S1-372838458	S2-380783129,S2-889077446
S1-786487726	S2-846345678,S2-938115929
S1-923236940	S2-97345691,S2-223439532,S2-194358353,S2-723615427,S3-685680002,S3-20280355
S1-93926066	S2-55167449,S2-348416163,S2-108959754,S3-350448069,S3-608862225,S3-156364994
S1-295398775	S2-822448179,S2-664242876,S2-390962682,S3-350753073
S1-571004885	S2-434751720,S3-204192101,S3-714238060,S3-950784712
S1-899683274	S2-212916025,S2-595342995,S3-574412879
S1-155361550	S2-702980604,S2-432578505
S1-997628666	S2-906336676,S2-37915840,S3-989772113
S1-394011152	S2-436946851,S3-14858756,S3-908821350
S1-670119172	S2-608589819,S2-900627715,S3-239871146,S3-190182435
S1-866544288	S2-861759024,S3-725235386
S1-459798887	S2-816287816,S3-197082864,S3-599469767,S3-807580876
S1-12554179	S2-283034401,S2-263064661,S2-398016982
S1-704623918	S2-437201022,S2-64754013,S3-151231809
S1-826085565	S2-69491551,S2-462148816,S3-96577433
S1-77155375	S2-838801290,S2-797099823,S3-826470499,S3-649312725,S3-788778160
S1-741722864	S2-924082921,S3-690435139,S3-404338542,S3-330380915
S1-20062520	S2-505890771,S3-650994508,S3-612765588
S1-757018393	S2-323826434,S3-976069257,S3-236461288,S3-914099847
S1-938338283	S2-638893609,S2-352101577,S3-272809343
S1-677193140	S2-29192141,S2-852280731,S3-652515671,S3-805699381,S3-149538758,S3-911967637
S1-643443638	S2-526735158,S2-347892797,S3-220174380
S1-464974641	S2-153950533,S3-831485145
S1-221212214	S2-578220776,S2-186308719
S1-492670902	S2-364906471,S2-530111693,S3-375414820
S1-784017016	S3-300333418,S3-948307138,S3-625392851,S3-22858953
S1-782734433	S2-609366455,S2-317096646,S2-542083228,S2-31561982,S2-508961118,S3-207385893,S3-139521656
S1-315171811	S2-381666259,S2-72156421,S2-185764297,S2-751206865,S2-561604054,S3-737890146
S1-92494157	S2-629235320,S3-625632795,S3-611865286
S1-134755367	S2-214030604,S3-622208835
S1-380308502	S3-312627427
S1-527148562	S2-509391343,S2-927105480,S2-990023929,S3-602162798
S1-342352922	S2-950617428,S3-909891057,S3-149561744
S1-65212889	S2-270698824,S3-307682991,S3-95127321,S3-842128402
S1-574333023	S2-441818910
S1-861658996	S2-919462206
S1-446003805	S2-809440879,S2-122775303,S2-679028360,S3-609166608,S3-495976304,S3-543716797
S1-119038018	S2-14284306,S2-101747831,S2-509225075,S2-558509921,S3-909098448,S3-590899769,S3-61327187
S1-925657592	S2-440413949,S3-652698763,S3-765867523
S1-876625968	S2-55629491,S3-918914143,S3-940463762
S1-872140900	S2-502481708,S3-502872791,S3-179461596,S3-116468364,S3-969022966
S1-621252369	S2-663154228,S2-967233122,S2-165195094,S2-104786839,S2-561689276,S3-263796652,S3-172175900,S3-53398088
S1-241504618	S2-829502676,S2-916585467,S3-481188031,S3-278800273,S3-275966255
S1-618751713	S2-787960435,S3-810495476
S1-999013499	S2-689940798,S2-4702910,S3-283541327
S1-819204801	S2-923887619,S3-692987950,S3-139262287,S3-622387993
S1-564682778	S2-973977753,S2-204554700,S3-949197127,S3-159219188,S3-198777214
S1-662836843	S2-586963633,S2-914884248,S3-644880921
S1-547778479	S2-912815767,S2-136366177,S3-900920408
S1-451851393	S2-407142982,S3-855659275,S3-436000
S1-431348789	S3-372702483,S3-511790640
S1-990026822	S2-657541389,S3-379864109
S1-700408112	S2-906102362,S3-798931087,S3-723920328,S3-769204952,S3-170880102,S3-661575538
S1-550452803	S2-414646663,S3-477976812
S1-485469727	S2-942401998,S2-891562994,S3-743775288,S3-846558711,S3-769452778
S1-103833541	S2-333324291,S2-581071655,S3-741932778,S3-461733293,S3-108918171,S3-393802091,S3-371735306
S1-562225034	S2-381998521,S3-971585197
S1-646625751	S2-472755101,S2-139253885,S3-645831157,S3-364029795,S3-453660042,S3-509916566,S3-488749455
S1-580103163	S2-512140859,S2-88733727,S3-462103485,S3-874041669
S1-864848726	S2-628478838,S2-529886358,S2-690499231,S2-208696906
S1-390296302	S2-996434069,S3-647323514
S1-553150887	S2-521284906,S2-181153213,S2-655700541,S2-938415624,S3-737880173
S1-136067167	S2-645228611,S3-646076591,S3-910173292,S3-429939919
S1-451915124	S2-911711833,S2-411899306,S3-645532094,S3-244247706,S3-170912119,S3-506764680
S1-609102019	S2-975076974,S2-610997751,S3-693016582,S3-785883482,S3-617268424
S1-483220993	S2-555662185,S3-598197353,S3-76187042
S1-839598738	S2-304207689,S3-404159975,S3-607369442
S1-683477702	S3-258740186,S3-923832336
S1-529931481	S2-687098651,S3-743819337
S1-364357198	S2-329805302,S2-575277551,S3-468525513,S3-887169151
S1-224874371	S2-846221461,S2-179872975,S2-229717785,S2-154926106
S1-54609128	S3-559833756,S3-663703398
S1-801017797	S2-266941785,S2-782985232,S2-488931251
S1-877878422	S2-657877656,S2-33859155,S2-647325328,S3-233359155
S1-843172679	S2-128812104
S1-116643890	S2-16946283,S2-363007628,S3-251940799
S1-733827795	S2-303187143,S2-938971563,S3-172916711,S3-79825361
S1-922295454	S2-876864094,S3-488494302,S3-188175052
S1-20463005	S2-621069228,S2-264348315,S2-563157677,S2-249962430,S3-675424442,S3-983355785,S3-174860504
S1-916203756	S2-943152419,S2-335287996,S2-247259392,S3-908847327,S3-295108538,S3-430432165
S1-827751387	S2-99839166,S3-325191665,S3-213967824
S1-38315331	S2-816704772,S3-368298694,S3-563118522,S3-690005322
S1-909132549	S2-125848432,S2-56113577,S2-638551481,S2-568955109,S3-423543341,S3-176725630
S1-854572359	S3-332801830,S3-557013619
S1-438969803	S2-621577890,S2-805148148,S3-442429174
S1-144105018	S2-983114731,S2-881495665,S3-898746104,S3-847882944,S3-943220543
S1-663319003	S2-90765543,S2-114138550
S1-179988355	S3-715923431,S3-84692113,S3-814183345
S1-110087772	S2-462533010,S3-158229247,S3-604554894
S1-173852392	S2-421111612,S3-898852050,S3-680402840
S1-336357570	S2-641754569,S3-596238636,S3-143829508
S1-770616001	S2-184385135,S2-927637163,S3-244487201
S1-973313870	S2-720119957,S3-890584090
S1-291689772	S2-43961885,S3-509594419
S1-845956965	S2-914732150,S3-195276105
S1-746239019	S2-500093587,S3-143284361
S1-183354029	S2-489503639,S2-646049239,S2-421617290,S3-662082016,S3-660446256,S3-449332082,S3-778810634
S1-290466869	S2-841457265,S3-44885829,S3-192595641
S1-115608838	S2-36314302,S2-129448750,S2-683348637,S3-104003305,S3-582807399,S3-68379930
S1-251355086	S3-592814717,S3-194840044,S3-66531425
S1-224355626	S2-828866160,S2-665557304,S2-834892688,S3-316988679
S1-865177426	S2-296374210,S2-540639725,S3-202239621
S1-165326442	S2-456739464,S3-507953941
S1-845749412	S2-142674026,S3-493949390
S1-443860148	S2-117985921,S2-803724401,S2-354888914,S2-549746566
S1-227971726	S3-195004170,S3-952905137
S1-184295033	S2-531369725,S2-175451280,S3-137546565,S3-421323099,S3-848363360
S1-870178913	S2-480930215,S2-480552116,S2-504892554,S3-393911108,S3-446046547
S1-98096639	S3-730298847,S3-964621780,S3-16284988
S1-973379710	S2-561803999,S2-317453612,S2-371341338,S3-97779893,S3-250745775
S1-408908283	S2-773474690,S3-95117240
S1-532163063	S2-294108422,S3-375905155,S3-138136021
S1-744937610	S2-105444602,S2-587017457,S3-961053752
S1-259471284	S2-928470717,S2-951099563,S3-331879186
S1-402575333	S2-953413124,S2-112339454,S3-506357567,S3-874948421,S3-974030908
S1-24370948	S2-33614696,S2-8541135,S2-85665807,S3-334606148
S1-14700991	S2-561336310,S2-499403396,S3-28971635,S3-227673203
S1-986321350	S3-816108881
S1-416359861	S2-69715454,S2-681499079,S3-937842667,S3-68633941
S1-972175050	S2-212606631,S2-232304019,S2-463165344
S1-371090697	S2-949112680,S3-588518862,S3-376191303,S3-820296680,S3-539960809
S1-139362523	S2-277852637,S2-37729470,S3-896734370
S1-310654343	S2-724170944,S2-160067551,S3-764167858
S1-262944527	S2-446475258,S2-628486356,S3-865395865,S3-278489529,S3-366996711,S3-812953349,S3-74395031
S1-465977901	S2-259819651,S3-633595931
S1-309507079	S2-242032003,S2-341681461,S2-604903991,S3-575772735,S3-850550589
S1-522693754	S2-299915106,S3-980157467,S3-429392758
S1-257849558	S2-11800211,S2-427100831,S2-474618399,S3-756088720
S1-227804582	S2-126012527,S2-260875704,S3-11579765
S1-441470524	S3-857886916,S3-469676435
S1-221750485	S2-47496281,S2-868293034,S2-373948778,S3-215668981,S3-792833085
S1-909178195	S2-566883221,S2-838982350,S3-859004795,S3-851032897
S1-797867531	S3-81360642,S3-579636339,S3-576185902
S1-522808401	S2-113612854,S2-285446463,S3-477569408,S3-996703602,S3-950798860
S1-976739153	S2-71101790,S2-43399576,S3-938536310,S3-448937032
S1-325381416	S2-883505606,S2-522989755,S2-12873838,S3-8919312
S1-708146299	S2-156372582,S3-212064515,S3-863872632,S3-799485491
S1-211861607	S2-177541103,S2-566938075,S2-834025533,S3-935738710
S1-846984252	S2-208687734,S3-103919549,S3-128626732,S3-967809946
S1-447639119	S2-900562499,S3-81756328,S3-797690240
S1-307144577	S2-527024579,S2-476052699,S3-939862623
S1-779475274	S2-517455990,S2-341237670,S2-435363168,S3-772139233,S3-500899019,S3-860282739
S1-605458817	S2-147810772,S2-398951970,S3-965833905
S1-102961481	S2-571818411
S1-366327432	S3-547358135,S3-258522271
S1-487364714	S2-805885442,S2-413981780,S3-651512595
S1-259814901	S3-27434997,S3-571297818
S1-913512346	S2-542660325,S3-113183098,S3-601806725
S1-812005357	S2-916349822,S3-652116177
S1-5799725	S2-573443469,S3-507373068,S3-548122608,S3-137497298
S1-529127487	S2-490142716,S3-321872958,S3-50508811
S1-174129319	S2-686289569,S3-671553961,S3-883311216,S3-528612711
S1-460910085	S2-668639127,S2-132670593,S2-562745713,S3-631330745,S3-242546828
S1-50432426	S2-149858467,S3-747297402,S3-475367941,S3-206631711,S3-515362882
S1-226753227	S2-935925141,S2-16208638,S3-620905670,S3-930357614
S1-883994864	S3-793361611,S3-773948613
S1-107507553	S2-437768334,S2-397450420,S2-954131440,S3-442349448
S1-26725411	S2-879765932,S3-423830678
S1-263149000	S2-251092923,S2-14681501,S3-480007268
S1-262703093	S2-748061119,S2-760054796,S2-571959117,S3-108112247
S1-556010371	S2-143772764,S2-656803883,S2-455894655,S2-204976770,S3-996419152
S1-576366269	S2-173565278,S3-73259265,S3-462762396
S1-966309975	S2-14773876,S2-234859408,S3-135162247
S1-142735138	S3-748593779
S1-310864026	S2-862209619,S3-439121960,S3-437732914
S1-730729612	S3-933916480,S3-90225817
S1-469770655	S2-523235131,S3-719779871,S3-473112634
S1-132337315	S2-609927808,S3-991790262
S1-964061525	S2-48150903,S3-610678565
S1-722038266	S2-327450884,S2-876594130,S2-511393932,S3-932407473,S3-140478202,S3-541353681
S1-147096720	S2-114825306,S2-950376731,S3-769077870,S3-483517945,S3-825691773
S1-899130371	S2-753131131,S2-713722016,S2-458958952,S2-991872384,S3-907098075,S3-602847606,S3-692012713
S1-373728715	S3-101903811
S1-140269631	S2-898592422,S2-211596680,S3-643878740,S3-225558114,S3-127978162
S1-452952997	S2-208952260,S3-287869437,S3-340176813
S1-341729858	S2-755918042,S3-695983932,S3-284174400
S1-806301921	S2-867981755,S3-326964816
S1-820779251	S2-603774033,S2-908351516,S2-932736009,S3-563349083,S3-581372799
S1-752991527	S2-659528679,S2-558493943,S2-942816725,S3-232618806,S3-131056756
S1-671412118	S2-827645708,S3-754781367,S3-488832318,S3-499938874,S3-392855126
S1-368280947	S2-545287063,S2-997162781,S3-307180478,S3-3010960
S1-242338078	S2-106967998,S3-992043884,S3-217651110,S3-319402591,S3-393548592
S1-11647218	S2-764322915,S3-756393463,S3-360064287,S3-878555228
S1-844784547	S2-83912066,S3-352456266
S1-288151490	S2-824821547,S3-739227565
S1-715861982	S2-236816546,S3-233269099
S1-839529323	S2-450532326,S2-72944782,S2-126253528,S3-777651590
S1-555777885	S3-588274363,S3-16386324,S3-679571431,S3-651131117
S1-362852759	S2-734629441,S2-327143187,S3-514461449,S3-241362131,S3-16478716
S1-888202611	S2-661830080,S3-475913760
S1-213971999	S2-514204370,S2-162677464,S2-166650287,S3-716545031,S3-416535175,S3-104324649,S3-965994079,S3-59369642
S1-275501401	S2-517115996,S3-875539545
S1-621084024	S2-408510374,S2-243569608,S3-753515012,S3-439407323
S1-480520887	S2-554735213,S3-189433394,S3-485308518
S1-961253382	S2-549671053,S2-322189829,S3-59609103,S3-325866204
S1-364920144	S2-315792070,S2-926954944,S2-426184057,S3-461626113
S1-993584073	S2-473426971,S3-124437852,S3-731441142
S1-582180413	S2-558884990,S2-209358015,S2-903188739,S3-857450512,S3-738263257
S1-975571827	S2-295716598,S2-918082374,S3-431067807
S1-830881839	S2-910995476,S3-90939205,S3-678309600
S1-80408650	S2-876116173,S2-759022035,S3-693683170
S1-825809628	S2-920189333,S3-171087667,S3-167351867,S3-993236376,S3-32097394
S1-721743574	S2-670481148,S2-526281796,S3-8746814,S3-70353233
S1-519025117	S2-450211071
S1-341634331	S2-454444888,S3-452395543
S1-789219306	S2-120557165,S3-724488070,S3-691792906
S1-502417969	S2-891604866,S3-225331068
S1-973156614	S2-992263250,S3-146429045,S3-237091039
S1-451766272	S2-717458514,S2-108773954
S1-512364754	S2-590581,S2-416187494,S3-29968761,S3-617292987,S3-339567025
S1-329832157	S2-933046511,S3-218934201,S3-133781738
S1-881813159	S2-436449818
S1-764175750	S2-77112782,S3-38568561,S3-305197851,S3-401464949,S3-297804184,S3-934645690
S1-411727024	S2-203049275,S2-399582360,S3-87436312,S3-974692259,S3-683224672,S3-804893096
S1-346715589	S2-592977215,S3-683280967,S3-591094339
S1-315540708	S2-557746033,S2-910487048,S2-670870279,S3-836010426,S3-510567798
S1-552104902	S2-2665470,S2-990265534,S2-668982676,S2-536674182,S2-583513122,S3-467845895
S1-627285279	S2-16911130,S3-201304468,S3-563168432
S1-679338222	S2-814470453,S2-856142141,S3-569734745,S3-761689993
S1-391642916	S2-414602654,S3-346709115
S1-922605267	S2-394680308,S2-163619632,S2-309432151,S3-875486584
S1-350010068	S2-819076381,S3-215304150,S3-340307355,S3-784946119,S3-221475734
S1-123299128	S2-859949858,S2-596417945,S3-531611140
S1-28432641	S2-813022931,S2-150154205,S3-278654976
S1-515966110	S2-916818983,S3-344930294,S3-341179278,S3-372776972
S1-804363813	S2-416293788,S3-801139609
S1-690700988	S2-201794974,S3-661809582,S3-367508224
S1-513513146	S2-154927506,S2-956982693,S2-990679372,S3-538474062,S3-543364694
S1-715151495	S2-395772965,S3-970829740,S3-84729757,S3-663704449
S1-180356987	S2-27491925,S3-512718423,S3-990610538
S1-668759233	S2-953367122,S2-447884948,S2-650918283,S2-102883737,S3-267536603,S3-493112855
S1-561560160	S2-631128683,S2-871006347,S2-98743639,S2-160449396,S3-949352080,S3-448621645
S1-478271737	S2-788546730,S3-607434485,S3-684532517,S3-725294583,S3-41940926,S3-529473660
S1-292161145	S2-103317911,S2-711304076,S3-510567868,S3-79114439
S1-409903389	S2-627603932,S2-653445259,S3-25987313,S3-865654253
S1-941246380	S2-995542235,S2-269270866,S3-991580266,S3-638046287,S3-811849473
S1-690718478	S2-367638246,S2-523231282,S2-217581050,S2-688472237,S3-13069900,S3-105630600,S3-926578054
S1-613551076	S2-437588235,S2-352954235,S3-531621317,S3-972795028
S1-146110036	S2-440063466,S2-495876277,S2-375376712,S3-281144175,S3-539564162
S1-181742960	S2-560642064,S3-53716936,S3-593164298
S1-710077447	S2-394714746,S2-216085222,S2-811681796,S2-631105262,S3-769778088,S3-449888125
S1-500841322	S2-103826143,S2-441507670,S2-232578454,S2-834528245,S3-492649822,S3-50499218
S1-22286338	S2-911327610,S2-80598269,S2-805667126,S3-585487325,S3-39130073,S3-633873729
S1-75498147	S2-967877539
S1-175644321	S2-761094400,S2-515278957,S2-808718017,S3-566818739,S3-978673476,S3-870580145
S1-703419778	S2-519643814,S2-467221654,S3-505577031,S3-163944173
S1-526964981	S2-76852396,S2-705827573,S2-118853015,S2-894139555,S3-5284984,S3-443736390,S3-422641360
S1-854227623	S2-263792121,S2-158958386,S2-901346570,S3-218536402,S3-681205304,S3-508770404
S1-870131289	S2-761001678,S2-13245260,S2-156630406,S3-265733658,S3-280540769,S3-859911190,S3-391952862
S1-425930217	S2-163144203,S3-297176021,S3-156555434,S3-319608373
S1-313407001	S2-902563567,S3-907875880,S3-227680136,S3-149810745,S3-368595193
S1-248776267	S3-974873387
S1-665225603	S2-381824395,S2-320961270,S2-376761829,S2-299843025,S3-327551962,S3-39841469
S1-844099287	S2-112049632,S2-753762156,S2-750554850,S3-615032668
S1-609730619	S2-20353082,S3-749599438
S1-425724717	S2-883271267,S2-513790793,S2-481651619,S2-584501236,S3-2861698,S3-520432017
S1-550160523	S2-716394893,S2-784973653,S2-75491135,S3-249198535
S1-284170892	S2-634768802,S2-116763425,S3-285690118,S3-418367043
S1-533869638	S2-433510868,S3-625057582
S1-468849574	S2-66717834,S2-675926890,S3-689248307,S3-382251430
S1-673757298	S2-615578711,S2-852095562,S3-151329035
S1-290028383	S2-675389009,S3-411397276
S1-11835792	S2-576062485,S2-504793407,S3-429807627,S3-900034481
S1-587144744	S2-881194702,S2-775197773,S3-774376810
S1-150331298	S3-132540785,S3-644167034,S3-837509008
S1-402858407	S2-943596339,S2-125402274,S3-254547042,S3-417064940
S1-975701799	S2-567629099,S2-40370188,S3-725868820,S3-532090297
S1-706014441	S2-315563241,S3-430683432,S3-572174325
S1-654347800	S2-735876843,S3-459629267,S3-524741348
S1-552181691	S2-977940350,S2-803566061,S3-735448734
S1-473920584	S2-449016034,S2-652931552,S3-497992050
S1-314890262	S2-6345500,S2-390684115,S3-112066788,S3-876475336,S3-909653178
S1-868302622	S2-444979364,S3-247765233
S1-484250863	S2-660466141,S3-746853103,S3-933483459
S1-111634315	S2-555453578,S2-252343086,S2-92317782
S1-246320131	S3-147770781
S1-318492526	S2-132786885,S3-195318801,S3-528395237,S3-646624983
S1-92768389	S2-304999294,S2-499084316,S3-933505659,S3-280707982,S3-64637573
S1-309269701	S2-138949112,S3-790733873
S1-807758362	S2-440396934,S3-224174782,S3-475650667
S1-345642290	S3-382676909,S3-133568997
S1-277927901	S2-672148463,S2-147085664,S3-567385735,S3-74266980,S3-172007520
S1-952292078	S3-152398114,S3-411335940,S3-921776678
S1-353067207	S3-974128830
S1-6075029	S2-220908217,S3-743117507,S3-417372286
S1-655006764	S2-94446806,S2-749795165,S2-913472995,S3-441803940
S1-519241785	S2-387165318,S2-913861791,S2-155013345,S2-916177071,S3-964645662
S1-565779151	S2-352672629,S2-968989641,S2-249016641,S3-580325007,S3-139823540,S3-466779540
S1-278590250	S2-681999185,S3-422877851
S1-135258602	S2-909946,S3-569321289,S3-446133175
S1-238333381	S2-150463561,S3-378144702,S3-940404114
S1-646967910	S2-370023071,S2-545975487,S3-514335390
S1-56862464	S2-669712899,S3-727847038,S3-813288207,S3-154218199
S1-574392977	S2-136628286,S3-448060584,S3-751226792,S3-379659385
S1-951155720	S2-611591405,S3-129361114,S3-238865496,S3-237078271
S1-928294154	S2-481804821,S2-74051176,S3-964162996
S1-455095147	S2-429851811,S3-530474568,S3-268110778,S3-957762679
S1-218794919	S2-908469452,S2-616219976,S2-555289774,S2-789705882,S3-394737071,S3-795946058
S1-788130015	S2-274960898,S2-116655288,S2-718971461,S3-875920804,S3-944779724
S1-693424017	S3-637799232,S3-574141900,S3-824505881,S3-916564889
S1-773696322	S2-818405788,S2-537916998,S3-301053476,S3-996590532
S1-827986456	S2-618526119,S3-763432472,S3-361295799,S3-958944302
S1-266164397	S3-172357617,S3-212589641,S3-646289315
S1-53187331	S3-900227260,S3-438157802
S1-334688849	S2-109752314,S2-331465156,S2-331620621,S2-677844213
S1-884074524	S2-894449430
S1-40003273	S2-274067392,S2-301106101,S3-506371359,S3-39547530
S1-563779473	S2-316052622,S2-859781424,S2-119898083
S1-989128289	S2-391910998,S3-817802788,S3-2515523,S3-858811791,S3-750734057
S1-217452158	S3-785652803,S3-526392896
S1-512705745	S2-352056365,S3-58315117
S1-31006198	S2-40291537,S2-611355522,S3-993488293
S1-219412230	S2-381199194,S2-426388647,S2-565304838,S3-966199589,S3-35539362,S3-416124113
S1-261717453	S2-895255328,S2-254163749,S3-194706797,S3-238607407
S1-279139618	S2-515888999,S2-404954074,S3-637199322,S3-485073720,S3-686733188,S3-714813496,S3-751073317
S1-22124568	S2-847561404,S2-580853522,S2-156774326
S1-162432183	S2-576908587,S2-945969323,S3-831954034,S3-334600243,S3-847751813
S1-602161635	S2-316254050,S2-405627689,S3-836694717
S1-854547437	S2-642981830,S3-949355478,S3-73922686,S3-584255348,S3-151016158
S1-708103865	S2-213722801,S3-212208232,S3-1754732
S1-764867519	S2-634397579,S2-282416648,S3-331195925,S3-43672552,S3-395577000
S1-807590124	S2-580054089,S2-50297039,S3-132401560
S1-692111922	S2-365168422,S3-848890867,S3-413028729,S3-285439588
S1-889676953	S2-473545022,S3-749297005,S3-464869082,S3-328030237,S3-352640665
S1-541774749	S2-716193151,S2-464150586
S1-413665268	S2-502027095,S3-421378513
S1-483338679	S2-126668391,S2-307468146,S3-760288172,S3-635337210
S1-29400447	S2-871452582,S2-324408247,S2-11932662,S2-521619615,S3-20411716,S3-227602631
S1-133274923	S2-360279358,S3-598273679
S1-607640997	S2-370509312,S2-622375552
S1-401445698	S2-704469209
S1-641382136	S2-594505489,S2-327638009,S3-409304951
S1-740653166	S2-304931356,S2-508261673,S3-551211349
S1-917937383	S2-3727192,S2-969723407,S3-400901132,S3-73015375
S1-435279541	S2-80827494,S2-426914813,S2-125627574,S3-403288379
S1-161396799	S2-658689598,S2-916961998,S2-530082928,S3-824573196,S3-420849088
S1-449125375	S2-234831408,S2-304791481,S3-482729906,S3-596952756,S3-355402862
S1-106693643	S2-144962083,S2-630800389,S3-43792643
S1-922323605	S3-740045180,S3-119951408,S3-705967540,S3-429207001
S1-406559496	S3-83263707
S1-239695750	S2-7448861,S3-413725265
S1-837533083	S2-856949574,S2-176723031,S3-334623127,S3-860524901,S3-260327805,S3-855427481
S1-257546833	S2-695198503,S3-733188369,S3-566664194,S3-741178898
S1-592721607	S2-332720252,S2-732380638,S3-421260810,S3-354449287,S3-691310934
S1-140367159	S2-710566252,S3-227561745,S3-629947111,S3-361447877,S3-83595778
S1-187981823	S2-915212785,S2-977532332,S3-847400927,S3-245187744,S3-746892806
S1-854483132	S2-528951494,S2-149273054,S2-677130477,S3-651114132,S3-462987330,S3-347279111
S1-962515036	S2-95589739,S3-464564697
S1-429053654	S2-834883633,S2-723413644,S3-701124545
S1-486914502	S2-267064383,S2-611954746,S3-546525923,S3-990791521
S1-510453317	S3-54462431,S3-425018858
S1-596953606	S2-722052560,S3-625763281,S3-501912842
S1-541434971	S2-575119560,S2-377657212,S2-84049246,S2-602041414,S3-854990052
S1-416029304	S2-584844513,S3-77756912
S1-501501997	S2-666262535,S2-461663011,S2-499003695,S3-292521295,S3-59515002
S1-894111627	S2-813168227,S2-229954095,S2-955320206,S3-997340397
S1-527740911	S2-248394213,S2-469193766,S3-887209935,S3-499180047
S1-907620713	S2-550815679,S2-275978645,S2-994854830,S3-218185345
S1-584272965	S2-16728045
S1-673386535	S2-607190484,S2-596307600,S3-269227816,S3-999992063
S1-189539466	S2-810268417,S2-770364051,S2-906575194,S3-180824488
S1-807291210	S2-88118127,S3-840851609
S1-931092116	S2-18893232,S2-86188412,S3-301205048
S1-63373412	S2-282534288,S3-156980592,S3-69724349
S1-445371731	S2-540966738,S3-379706390
S1-860106373	S2-641463535,S3-594126021
S1-848264467	S2-13503960,S2-352543982,S2-235593819,S3-401469619,S3-192002686,S3-492916107
S1-147699516	S2-844096534,S2-985312141,S3-743519564
S1-455531091	S2-105902270,S3-636637994
S1-58891360	S2-911009428,S2-39376761,S3-151620571,S3-256012267
S1-577179621	S2-345387900,S2-309017507,S2-506719007,S3-961433073,S3-454751213
S1-583929949	S2-706154070,S2-172693166,S2-640505916,S3-924767498,S3-84266720
S1-177091158	S3-123414895
S1-591419217	S2-899606969,S2-949487663,S3-206228453
S1-400363104	S2-697615946,S3-514407560,S3-795522965,S3-908481083,S3-386671269
S1-635937094	S2-768014389,S2-745187312,S2-692166622,S3-105556888,S3-524544584
S1-554451908	S2-296069488,S2-3022399,S2-250250598,S3-362290144,S3-970324413,S3-820940672,S3-906866519
S1-186285378	S2-888964719,S3-526732434,S3-888082009
S1-656576533	S2-126007365,S2-866122098,S2-155199333,S3-649223264,S3-408453633
S1-781441783	S2-95170620,S3-853898307
S1-550628962	S2-63303341,S3-408192669,S3-763776663,S3-718185034
S1-71152932	S2-507928046,S2-116552037,S3-335870361
S1-384867062	S2-842757782,S2-815251681,S3-893683138,S3-463384515,S3-853091823
S1-181083675	S2-300993520,S2-756518923,S3-403803327
S1-243560817	S2-261270509,S2-6800983,S3-644696548,S3-795867452,S3-69610536
S1-687244355	S2-978968308,S3-971933394,S3-166656800,S3-422300470,S3-122594768
S1-187183829	S2-480587457,S3-735440732
S1-515169256	S2-462621341,S3-494705343,S3-296273394
S1-657773045	S2-59410522,S3-816136172,S3-676466290,S3-70184331,S3-752301745
S1-563327219	S2-113559348,S2-413947630,S2-384311198,S3-708304041,S3-544354078,S3-595295173
S1-595652306	S2-92563047,S3-506373016,S3-64768625
S1-183645812	S2-719621453,S3-618566319,S3-597944569
S1-117561122	S2-183124145,S2-55456636,S3-911048897,S3-853088236,S3-187765762,S3-906530356
S1-747835930	S2-593883453,S3-380180678,S3-777722319,S3-142760309
S1-251327400	S2-266974590,S2-140562178,S2-126977424,S2-845817150,S3-879251123,S3-903868267,S3-751787904
S1-135950212	S2-809344807,S2-420618414,S2-826424741
S1-928104330	S2-73574992,S2-386277872,S2-549463166,S3-888704708,S3-34091475,S3-125128129,S3-818258100,S3-796163805
S1-291579133	S2-220968322,S2-217730043,S3-374421755,S3-48157814,S3-848564347
S1-824914611	S2-10597717,S2-133948973,S3-66737741,S3-414882291,S3-64065109
S1-710478540	S2-808986471
S1-362035904	S2-869492484,S3-649694559
S1-663863887	S2-976676551,S3-408490856,S3-523797609,S3-239523545
S1-195571639	S2-745551995,S2-70737960,S3-453554116,S3-617030001,S3-765964739
S1-208918727	S2-649354865,S2-621361248,S3-108691309,S3-380588608,S3-224829648,S3-932502077
S1-137910615	S2-492005141,S3-432536555
S1-546200246	S2-767811350,S2-391451332,S2-164103336,S3-795112544
S1-933503172	S2-323352666,S3-203452448,S3-783404171
S1-930274740	S2-497368593,S2-924411702,S3-14704292
S1-704279297	S2-372386523,S3-569232260,S3-439300687
S1-544455222	S2-759483197,S2-982458565,S3-188502837,S3-273712295,S3-879713790,S3-721778317,S3-259960868
S1-515258702	S2-491221950,S2-508814227,S3-161790170,S3-510306235,S3-267013109
S1-648133032	S2-149848817,S2-126563777,S2-703459741,S3-589125304
S1-841892817	S2-591825552,S3-558836015
S1-510358090	S2-993722505,S2-451590904,S2-101730549,S3-196300214,S3-800642933
S1-607490785	S2-445510033,S2-36465480,S3-326396669,S3-216498754
S1-560431944	S2-16208231
S1-854138990	S2-100391381,S2-36925108,S3-774291186,S3-699958110
S1-364067043	S2-553850973,S2-335577103,S2-545210554,S3-193455407,S3-399614463
S1-493885142	S2-496435898,S3-171757688
S1-566683104	S3-148770606,S3-658357196,S3-637080396
S1-248546626	S2-425668991,S2-197938858,S3-104225021,S3-851860230,S3-843028066,S3-752040189,S3-731740762
S1-723716446	S2-663198052,S2-575486601,S3-762135892,S3-570572149
S1-973016381	S2-414865361,S3-586911363,S3-687779072
S1-610782834	S2-407923955,S2-65897865,S2-5876629,S3-21374670
S1-202110692	S2-736774177,S3-528034667,S3-797118108
S1-838724147	S2-467326160,S2-986020812,S3-525004988,S3-78311942
S1-294308078	S2-505185779,S2-665926222,S2-117417274,S2-122910674,S3-573587525,S3-575480840
S1-583474434	S2-263751885,S2-267606495,S3-303385957
S1-562038470	S2-282971472,S3-131147122,S3-962020302
S1-921871456	S2-484536898,S2-565018817,S3-737941737,S3-261950890
S1-582948204	S2-732857415,S2-229156140,S3-728765748,S3-433037811,S3-833933487,S3-373253761
S1-262933196	S2-751996089,S2-138923972,S2-832770857,S3-251399936,S3-787859876,S3-656669380
S1-190973617	S2-212702965,S2-655645547,S3-803659652,S3-681166909
S1-238590920	S2-851533890,S2-94515380,S3-976285312
S1-859707011	S2-906046341,S2-834601822
S1-48827288	S2-52349120,S3-319386324
S1-373638246	S2-456775288,S3-705258868
S1-19525485	S2-557938353,S2-919749975,S3-146285935,S3-673696896
S1-486675299	S2-379042391,S2-451923897,S3-947435534,S3-610185702,S3-32179074,S3-97147490
S1-456113406	S2-428151156,S3-165562451
S1-458400679	S2-963342562,S2-359760566,S3-266802085
S1-194843409	S2-719321697,S2-869928802,S2-682615208,S2-890777700,S3-707247516
S1-750076629	S2-936517371,S3-936643929
S1-709855299	S2-337059663,S2-537434583,S2-103226456
S1-299818545	S2-176886347,S3-128027752,S3-376148402,S3-819164964
S1-155554520	S2-634589436,S3-951921480,S3-307472962
S1-64045554	S2-457678950,S3-490673277
S1-788141772	S2-132728602,S3-873509300,S3-547273207,S3-544326906
S1-176171102	S2-674683963,S2-707535431,S3-528604301
S1-771769774	S2-529266054,S3-592797490
S1-331663247	S2-311518523,S3-2726327,S3-671467846
S1-900724854	S2-697794506,S2-405292143,S2-149316494,S3-313080887
S1-263106646	S2-175371406,S2-338548562,S3-620317621,S3-615076634,S3-232990765
S1-321621403	S2-906773930,S3-81184628,S3-118597001,S3-275783780
S1-84147103	S2-636627641,S2-38219733,S3-226872444,S3-694821422
S1-233851919	S2-6962622,S3-703990577
S1-863265612	S2-621177130,S3-4722292,S3-789445534
S1-503424572	S2-227910001,S2-683479030,S3-593153478,S3-985888700,S3-884787091
S1-948655136	S2-686749732,S3-659994906,S3-782674921
S1-965837918	S2-621763234,S2-46696783,S3-760413894,S3-92957334
S1-218056464	S2-550362465,S2-748263023,S2-529459222,S3-121120557,S3-653203325,S3-754415222
S1-621586604	S2-499783761
S1-341452471	S2-849871051,S2-359529889,S2-138370435,S3-569626575,S3-285706249,S3-857603857
S1-778084609	S2-952863095,S3-585083083,S3-455472972,S3-278386593
S1-761147254	S2-607685684,S2-3501941,S2-548032358,S3-709673189,S3-352984136,S3-20464605
S1-919377291	S2-698130332,S2-544526100,S3-613361112,S3-514510048,S3-701463662
S1-339804284	S2-745381561,S2-579310224,S2-191036161,S2-987754856
S1-626023312	S2-25584843,S2-363828278,S2-847848168,S2-507469730,S3-443008881,S3-796962673,S3-915014240
S1-214769948	S2-589576588,S2-44341701,S2-127136476,S2-500777296,S2-403590623,S3-655043052,S3-119547099,S3-740171795
S1-180746976	S3-521371457
S1-833347027	S2-784705777,S3-865440238,S3-266571146
S1-248844793	S2-229917275,S3-919066015,S3-493426584
S1-649711587	S2-223933114,S3-513258945
S1-602754219	S2-364842103,S2-520299304,S3-685932041
S1-63028764	S2-31771667,S2-671679696,S3-923406123
S1-700783903	S2-235861493,S3-509930724,S3-396388188,S3-976093746,S3-739441622
S1-755214202	S2-700208138,S3-171639099,S3-340487376
S1-922424895	S3-849395868
S1-536877574	S2-254133600,S2-129154544
S1-791691316	S2-898684117,S2-442651907,S3-819467159,S3-578131957,S3-384697167
S1-668367395	S2-593370525,S2-738870603,S2-399256284,S3-901868349,S3-546067499
S1-51755271	S2-929267481,S3-225668181
S1-345861127	S2-767396804,S3-337197651
S1-196692460	S2-982615303,S3-483736577,S3-296083105,S3-307603223
S1-1235487	S2-962278102,S3-549184393,S3-518496335,S3-260625134
S1-742346343	S2-577327345,S2-657537615,S2-155706508,S3-381065115
S1-163931589	S2-942260468,S2-481992557,S2-581353593,S3-257617767
S1-881698917	S2-926083516,S2-471568297,S3-545273438,S3-596730546,S3-731306463,S3-890749140
S1-686503567	S2-240337725,S2-703274758,S3-664646874
S1-814052031	S2-963831909,S2-41724764,S3-425406780
S1-832411063	S2-685960846,S3-634515700,S3-882310689,S3-441817844
S1-905468254	S2-381866269,S2-19166407,S2-657267929,S3-118966394,S3-360206643
S1-980477246	S2-266162080,S2-218079582,S2-467069532,S3-2207773,S3-8797064,S3-2992089,S3-655942787
S1-355754496	S2-760397294,S3-239825666
S1-392978104	S2-129102183,S2-625791861,S3-738902150,S3-494762322,S3-431786857,S3-401533705
S1-594274414	S2-850368736,S2-87498652,S3-396787805,S3-581730204
S1-719711388	S2-21235428,S3-772946590
S1-509635264	S2-463531150,S2-122907468,S2-935571519,S3-890058022
S1-506781089	S2-373833111,S3-683553527,S3-437825443
S1-805804554	S2-564208722,S2-486613716,S3-649826535
S1-72859466	S2-602058988,S2-773051266
S1-760906521	S2-319448758,S3-893210996
S1-184946528	S2-517029923,S3-179239885,S3-603167006,S3-596442972
S1-902499126	S2-956031611,S3-946601207,S3-295083966
S1-483459295	S3-325962232
S1-335115203	S2-869024527,S2-472138456,S2-275196649,S3-776153755,S3-168261318
S1-698447132	S2-644217455,S3-670047740
S1-773121823	S2-384317912,S3-194784928,S3-642088701
S1-817666180	S2-522404034,S2-389823628,S3-769620972,S3-580169249
S1-937064726	S2-209295461
S1-90580079	S3-757926106
S1-133697718	S2-619485390,S2-14372278,S2-24463369,S2-353240274
S1-92767508	S2-933100009,S2-573295193,S3-18448015
S1-724565948	S2-459491192,S2-491637258,S3-159195039,S3-700651493,S3-181219831
S1-694278114	S2-71660805,S2-214296497,S3-42221779,S3-420077786
S1-808343586	S2-380445991,S3-487021856
S1-489410250	S2-941509233,S3-730990231,S3-537343634,S3-121110242
S1-893828345	S2-803139182,S2-902603143,S2-649855857,S2-197462845,S3-316836493,S3-50025592
S1-573567195	S2-194928827,S2-268892471,S3-652425939,S3-792589757
S1-717100245	S2-549977364,S2-342193382,S3-688987295,S3-662608856,S3-73056039,S3-339392137
S1-227323475	S2-13157842,S2-257711771,S2-307530253,S3-814568723
S1-213140564	S2-866608855,S3-551577943,S3-83300655
S1-796127526	S2-41250674,S2-177245749,S3-875856300,S3-389837087
S1-87771825	S2-26964627,S3-233589225
S1-917607666	S2-703655075
S1-926912238	S2-64307360,S3-295751482
S1-472472164	S2-64799795,S2-466885860,S3-608065520,S3-574000479,S3-227695565
S1-593312110	S2-134049508,S2-782529986,S2-947390530,S3-702436989
S1-492640883	S2-638470966,S2-45056334,S2-490020286,S2-7591338,S3-322519593
S1-186030942	S2-424790114,S2-959011375,S2-19416567,S3-430510340
S1-658396121	S2-769116694,S2-192628241
S1-96367565	S3-352573144,S3-518718405
S1-209045519	S2-204540343,S2-114088131,S2-194169428,S3-564311980,S3-761261223,S3-148857865
S1-524078175	S2-7243529,S2-802104234,S3-465068677
S1-722369848	S2-849455370,S2-656603794,S3-37380150,S3-461209822
S1-522521870	S2-371430404,S2-56528490,S3-474377204
S1-173125407	S3-279486764
S1-684192718	S2-142652351,S3-722287653,S3-593060742
S1-67567894	S2-355611889,S2-362351247,S3-221238318,S3-851901421,S3-648334393
S1-791354794	S2-612878349,S2-533434822,S3-75294462
S1-161687595	S2-564563930,S3-334718620
S1-516690510	S2-286562030,S2-401557203,S2-337049438,S3-781142412,S3-269285564
S1-760923570	S2-836075495,S2-486853235,S2-67366641,S3-469259505,S3-279354742
S1-6115192	S2-604934884,S2-626606594,S3-20414403,S3-363423123
S1-638055842	S2-720413333,S2-352124719,S2-484851721,S2-180379864,S3-672727018,S3-847172038,S3-436057271
S1-275132085	S2-531214987,S2-121940766,S3-485982571,S3-518252787,S3-560628000
S1-161451865	S2-310280000,S3-244661009,S3-634434240,S3-373506055
S1-976014040	S2-626966354,S2-714686806,S2-51791549,S2-554757013,S3-961857565
S1-383913157	S2-804519322,S2-293555719,S3-325609353
S1-461739450	S2-649036726,S2-821251373,S3-558917437,S3-2746932,S3-566277685
S1-609804930	S2-102414370,S2-818188679,S3-520050005,S3-713474562,S3-329727683
S1-355365367	S2-845827777,S3-967444448,S3-744954016,S3-396586359
S1-260325477	S2-922260669,S2-776914714,S3-465291587,S3-959527353
S1-999171472	S2-297904209,S2-60391262,S3-621971143
S1-433603542	S2-80900576
S1-995876592	S2-858796787,S2-822972035,S3-140825015,S3-273093704,S3-23234025
S1-526853202	S2-261038769,S3-86423481,S3-782700486,S3-291839051,S3-58157776,S3-149029592
S1-467664334	S2-914446549,S2-809442773,S2-701722510,S2-949000420,S2-555788268,S3-629604917
S1-719956835	S2-434133892,S2-763267537,S3-110040645
S1-378636967	S2-358627669,S2-947566684,S2-404502133,S3-302519129
S1-885550993	S2-842436435,S3-871472158
S1-439452492	S2-826390904,S3-114272224
S1-620664514	S2-876111758,S3-90032435,S3-952907186
S1-353736362	S2-60832180,S2-815189909,S2-732310621,S3-602180077,S3-760506647,S3-249846597
S1-805958157	S2-246278093,S3-538670730,S3-260852905,S3-550269888
S1-791642382	S2-958939959,S3-280058477
S1-160255790	S2-733268755,S2-714250256,S2-406317010,S3-465617457
S1-531990688	S2-469402929,S3-127700561,S3-658263709
S1-318732822	S2-228604205,S3-650913305,S3-133618019,S3-415992608
S1-982570774	S2-654065063,S3-690516951,S3-566189766,S3-690899105
S1-117463135	S3-724216450
S1-115112792	S2-783719986,S2-702668554,S2-596289012,S3-557840005,S3-405508813
S1-773991008	S2-209088132,S3-575472972,S3-275502034,S3-220374880,S3-182042096,S3-976602756
S1-839000843	S2-16133898,S2-305758329,S2-142843750,S2-43171933,S2-547281271
S1-341717792	S2-740847263,S3-382598438
S1-544038306	S2-242907655,S2-85276422,S2-43164514,S3-301472944,S3-698719429,S3-665400572
S1-71298575	S2-254176279,S2-361394514,S2-244871232,S3-624087864,S3-162856911
S1-52821063	S2-206745951,S2-16133756,S3-454335978,S3-586688399,S3-381602851,S3-784337306
S1-444787807	S2-223108405,S2-341809335,S3-205164784
S1-336475554	S2-661462795,S3-924858962
S1-573209868	S2-485306122,S2-401390202,S2-407039835,S3-712525885,S3-722678414,S3-473904923,S3-503056553
S1-96012565	S2-489128692,S3-423066515,S3-100683148,S3-892632253
S1-202471346	S2-18205713,S3-783258114
S1-342368360	S2-313993001
S1-638694960	S2-148197041,S2-441261340,S3-116175958
S1-687925718	S2-758514985,S3-553318403,S3-737875605,S3-206274425
S1-196405501	S2-805530862
S1-309859844	S2-150693213,S2-72852491,S3-139761348,S3-734597779,S3-2859056
S1-966517733	S2-437414419,S3-317425004
S1-867201196	S2-596857687,S2-445422886,S3-297520131
S1-171874760	S2-324959950,S3-730033553,S3-535896465,S3-615657307
S1-401398178	S2-103287286,S2-514898039,S3-18578444
S1-557851921	S2-234957810,S3-927311050
S1-445634978	S2-159527867,S2-28731866,S2-612988517,S3-833107480,S3-923209207,S3-979416417
S1-671965541	S2-551720990,S2-868864702,S3-591269894,S3-693877095
S1-615885451	S2-495055935,S2-402884146,S2-171643591,S3-396206291
S1-663968794	S2-792007600,S3-522888225
S1-742815487	S2-249306686,S2-901154980,S3-127944910
S1-510350611	S2-450472609,S2-450976275,S2-928455140,S3-761298840,S3-674463429,S3-156773105
S1-205364225	S2-957326853,S2-913347193,S3-540603031,S3-250478792
S1-44839286	S2-736711412,S3-730719113,S3-898480086
S1-46987120	S2-953161121,S3-169219392
S1-294042791	S2-560867532,S3-980125188,S3-516790407
S1-505043115	S2-977650971,S2-139518554,S3-536138644,S3-112529894,S3-412613954
S1-241175370	S2-978223757,S2-457265179,S3-340605822,S3-722770845
S1-292427747	S2-920304832,S2-723378870,S3-470136901
S1-417680292	S2-214355088,S3-952162544,S3-995391284
S1-659745307	S2-670543988,S3-947222923
S1-677752871	S2-8346565,S3-585802481,S3-644090197
S1-215828262	S2-712616453,S3-902340707,S3-695074022,S3-585034654,S3-102597948
S1-394252949	S3-902594971
S1-138897230	S2-477997506,S2-866666404,S2-138842988,S3-600268924,S3-784349383
S1-953350143	S2-808449005,S2-558077439,S2-678565806,S3-767711507,S3-741976349,S3-782335109
S1-627567105	S2-23052336,S2-813617935,S2-949859378,S3-983428753
S1-915047994	S2-762792459,S2-189779906,S3-218442943,S3-511001874
S1-417688321	S3-261951570,S3-78533677
S1-145973837	S2-446764392,S2-34377129,S3-976153284,S3-382813507
S1-771902925	S2-114551768,S2-925048346,S2-562228657,S3-15712480,S3-671183161
S1-265298575	S2-807975025,S3-36000179,S3-271089624
S1-906863797	S2-722611864
S1-716628232	S2-572770370,S2-325425418
S1-372168802	S3-192319782,S3-920979083
S1-482034750	S2-601940829,S2-598512682,S2-989330184,S2-683903500,S3-548554974,S3-118095598
S1-34069703	S2-614141033,S2-76682929,S2-770332645,S3-227332129
S1-781899532	S2-154793870,S2-661456949,S3-500893054,S3-528075226,S3-333078193,S3-564651532
S1-953593844	S2-127535738,S3-687857173,S3-435291270,S3-525119913
S1-527140852	S2-89726449,S2-723676649,S2-476856832,S2-697817361,S2-388477523,S3-230817702,S3-656137545
S1-701784304	S2-301651914,S3-115894427,S3-265495411,S3-360219250
S1-656306954	S2-910346582,S2-932696182,S2-100430024,S2-138989213,S3-329498386,S3-136374798,S3-845156719,S3-894359166
S1-909905192	S2-75673177,S2-676314535,S3-100584727,S3-216475081
S1-267304008	S2-273536609,S2-445151765
S1-833338175	S2-634116840,S2-231172414,S3-730943764,S3-239387819
S1-608423827	S3-73053447
S1-934136398	S2-884841494,S2-385186768,S2-907106058,S2-718429204,S3-516611240
S1-389277132	S2-632893501,S3-983382825
S1-638254235	S2-246082212,S2-422419760,S2-340790621,S3-564333701,S3-467908195
S1-608626674	S2-37639594,S2-927865780,S2-260372420,S2-796486469,S3-575091592,S3-933362694,S3-903156332,S3-258397109
S1-6453332	S2-61481060,S2-597158912,S2-992988527,S3-394454210,S3-265798308,S3-68893449
S1-566149884	S2-783013711,S3-280685120,S3-615142744,S3-292654492
S1-968422536	S2-404897131,S2-548599725,S3-540151598
S1-812356857	S2-530192820,S2-935498364,S3-974104096
S1-309987391	S3-388111630
S1-156549428	S3-902908724
S1-718053012	S2-679628134,S3-256483259,S3-690151407
S1-355189296	S2-334992795,S3-132244597,S3-81746359
S1-599814190	S2-936339933,S2-308414233,S2-475868288,S3-209902525,S3-743024904
S1-268730590	S2-101790119,S2-166803794,S2-993999953,S3-766697977,S3-848006438,S3-709210735,S3-284879468,S3-809725982
S1-909153771	S2-799640185,S2-669973504,S3-991480342,S3-339053481
S1-108690362	S2-573462234,S2-69860804,S2-372640743,S2-201404738,S2-361142019,S3-460595157
S1-857110375	S3-185966257,S3-859366877,S3-241602459
S1-505317482	S3-232136811,S3-180162070
S1-439753246	S2-619136089,S2-290544669,S3-165325177,S3-470822323
S1-667933817	S2-340797399
S1-355566568	S2-538078518,S2-221815255,S2-628557962,S3-792384313,S3-325842198,S3-878106648
S1-747613705	S2-567613612,S2-287318824,S2-937066122,S2-4046991,S3-542979539,S3-89968099,S3-926369760,S3-843697143
S1-585894716	S2-711692531,S2-307391935,S3-955440685
S1-835620634	S2-148703501,S2-569307158,S2-915507279,S2-685876177,S3-984111569,S3-346765267,S3-717365959
S1-467406102	S2-497767169,S3-54216714,S3-473690527,S3-839602817,S3-730964681
S1-445037391	S2-517507881,S2-253860714,S2-516328766,S3-348064474
S1-54244768	S2-293923504,S3-157889860,S3-394370584
S1-647469291	S3-754390769
S1-564466082	S2-495423882,S3-372311761
S1-704105695	S2-131830193,S3-670843792
S1-702412196	S2-620953099,S2-902661374,S2-109737739,S2-385559885,S3-35547134,S3-572074730
S1-439870713	S2-581935874,S2-279671858,S2-836076590,S3-931037353,S3-64969903,S3-938001790
S1-709505188	S2-523947532,S3-439280253
S1-986504865	S2-421580148,S2-328080189,S2-742188287,S2-7738291
S1-214393505	S2-696502749,S2-639722053,S2-635762835,S3-63997503,S3-742342130
S1-723082722	S2-614647177,S2-699103692,S2-563843442,S3-460366526
S1-841014000	S2-413765974,S3-170774292,S3-8577926,S3-623490692
S1-838536053	S2-427600484,S2-291996297,S2-6257913,S3-423370673
S1-523071363	S3-948859664,S3-324805724
S1-747592738	S2-328699107,S2-603563541,S3-782985267,S3-416420602
S1-46554223	S2-335834280,S2-31878448,S2-68697002,S2-836525365,S3-103673398
S1-988251341	S2-842391201,S2-478615011,S3-583104633,S3-780637157
S1-703782232	S2-796189456,S2-782055693,S3-881075087
S1-551528447	S2-886979044,S2-849519692,S2-972659839,S2-961236214,S2-470053420,S3-52542025
S1-93274488	S2-508238250,S3-89556284
S1-238060131	S2-145363215,S2-79986659,S2-495635994,S3-625814114,S3-243059802
S1-430213255	S3-463450945
S1-116382291	S2-172373559,S3-597656467
S1-461757195	S2-207501664,S2-552596705,S3-631675667
S1-990276592	S3-995275630
S1-987656115	S2-340177941,S2-241635700,S3-131884627,S3-984924421,S3-700939320,S3-923611534
S1-486523244	S2-483363407,S3-97444488,S3-78042034,S3-396261751
S1-70964295	S2-753060240,S3-640423499
S1-136262077	S2-843241601,S2-480179227,S3-862242661,S3-84654538
S1-238342463	S2-270511366,S2-714573734,S3-735350384,S3-118263736
S1-854928121	S2-591052971,S2-72187248,S2-208100528,S3-445795007
S1-690719060	S2-205440479,S2-142715362,S2-379717989
S1-310098816	S2-819240437,S3-323605300
S1-882578368	S2-42851685
S1-864922921	S2-62068170,S2-611639737,S2-29655896,S2-278599888
S1-955633557	S2-85346894,S2-631388756,S3-618823714
S1-341336691	S2-750937081,S2-571253425,S3-881702739,S3-863192490,S3-712663227,S3-864189639,S3-375510440
S1-786062389	S2-804332641,S3-690305099,S3-25243576,S3-850462153
S1-293729533	S2-560297108,S3-217569261
S1-923016720	S2-482656217
S1-60866268	S2-486345635,S2-493847838,S2-762667266,S2-709859866,S3-989221877,S3-467990693,S3-322718515
S1-726216371	S3-118607807
S1-644010795	S2-768424026,S3-845228548,S3-546707465
S1-225183773	S2-367218880,S2-543682548,S3-248459271,S3-764465235
S1-889983416	S2-24644197,S3-839553476,S3-469558501,S3-988582377,S3-700049101
S1-992222008	S2-826052648,S2-594603947,S3-4987340,S3-615737373
S1-679700034	S2-17155326,S2-186956539,S3-615068807
S1-736967025	S2-528155044,S2-56519747,S3-644703425,S3-853704562,S3-417919805,S3-28001797
S1-907802823	S2-126359577,S3-478036358,S3-607708502,S3-961923978
S1-267297383	S2-969313389,S2-218216780,S3-97587065,S3-369281101
S1-817610164	S2-1366262,S2-901140582,S2-706823551,S3-282212096,S3-75140104,S3-585448755
S1-891849238	S2-346722571,S2-464313901,S2-421392238,S3-504869306
S1-828373503	S2-919197669,S3-459818898
S1-655396087	S2-297138767,S2-423723567,S2-310899068,S3-960166960,S3-347733074
S1-870558044	S3-659955365,S3-565232057,S3-291774005
S1-285985188	S2-572892350,S2-830596468,S2-833255570,S3-315056750,S3-383374757,S3-4711258,S3-708363676
S1-625395590	S2-497749938,S3-341240788,S3-580674537,S3-20026718,S3-826977024
S1-119811850	S2-901656683,S2-964517425,S3-577727462,S3-664301965,S3-320821876
S1-990694461	S2-597151247,S2-476632394,S2-847807752,S3-654037499
S1-555505782	S2-640624184,S2-824936103,S3-44702160,S3-479349512,S3-136058376
S1-200024278	S2-354337494,S3-303776971,S3-494395299,S3-615659702
S1-769679634	S2-562663819,S3-288529188,S3-717341859,S3-959122070,S3-803823029
S1-813444299	S2-467352446,S2-833102881,S3-132513477
S1-635789462	S2-531865374,S2-763307859,S3-587027218
S1-732648071	S3-373934280,S3-233452218,S3-475779389
S1-186981355	S2-799789221,S2-927776004,S2-197215418,S3-427870112,S3-836570062
S1-438092843	S2-592392731,S2-43419692,S3-178775797,S3-429982117,S3-411440173,S3-995514060,S3-590453053
S1-118788438	S2-630468881,S2-418891173,S3-803974770,S3-500989549
S1-627869774	S3-165006890,S3-234332983
S1-1767816	S2-519810626,S2-345612237,S3-472350598,S3-253618640,S3-600547476
S1-586055609	S3-898861285,S3-699995885,S3-876344691,S3-185767348
S1-334020419	S2-867716255,S2-898057735,S3-476420408,S3-17473631,S3-948212597
S1-190897820	S2-455885087,S2-327933119,S2-395961225,S2-774788166,S3-304443633
S1-384400545	S2-459098533
S1-183582136	S2-871819872,S2-824581113,S3-512450874
S1-977781104	S2-856858797,S2-458001284,S3-623508511,S3-859841544,S3-446495959
S1-329585751	S2-520363188,S2-700855742,S2-921849161
S1-993540284	S2-884864031,S3-732729598
S1-308376796	S2-60524135,S2-283436892,S2-149560624,S3-776163828
S1-507862589	S2-456994101,S2-868628725,S2-769828998,S2-151154674,S3-955871655,S3-38800830
S1-687785963	S2-990205,S3-704910669
S1-836976234	S2-446850663,S2-717089462,S2-206766125
S1-823013821	S2-158285194,S2-915218425,S3-412983151,S3-346296008,S3-204459283,S3-265169853
S1-136915682	S2-215659853,S2-223749350,S3-369438795,S3-530731057
S1-802774673	S2-616224595,S3-558270966,S3-200130057,S3-779531645,S3-854074219
S1-150579702	S2-572991995,S2-259438652,S2-454988577,S2-729224815,S3-185298981,S3-926768387
S1-154959463	S2-158841652,S3-677816339
S1-296459339	S2-276977725,S2-287766930,S2-263347930,S3-445200403,S3-755981445,S3-877673649,S3-585617804
S1-139367218	S2-754029543,S3-521617265,S3-925775558
S1-19126470	S2-436067337,S2-309421281,S3-5468647,S3-340318660
S1-243178390	S2-101777805,S2-522600903,S2-701045319,S3-611764807
S1-294010658	S2-608437578
S1-780699964	S2-923222822,S3-426917130,S3-161609394,S3-54079388
S1-808588767	S2-833120766,S2-952931049,S2-774012148,S3-687649739,S3-200251378,S3-172050259,S3-305756361
S1-743454338	S2-733547261,S3-644535965,S3-669007312,S3-336589039
S1-264745267	S2-155249924,S3-685051421,S3-359993662
S1-954299608	S3-190075471
S1-98028482	S2-11988924,S3-784432121
S1-307217895	S2-107128827,S3-201466768,S3-534725524
S1-90517322	S3-889654000,S3-718816440,S3-836019296
S1-598889000	S2-665826837,S2-342690808,S3-107694026,S3-200413842,S3-183913993
S1-488909930	S2-787938026,S3-253181158,S3-648280736,S3-161998818
S1-906935157	S2-348842653,S3-496158024,S3-980536186
S1-40354174	S2-113222660,S2-360241690,S2-738396662,S3-181248941,S3-661716730,S3-443424215
S1-755368268	S2-120623131,S2-600492677,S3-254140195
S1-90798720	S2-474277467,S2-118281119,S3-747789147,S3-324719857
S1-435516467	S2-18185067
S1-127870034	S2-313090547,S3-520382150,S3-448598919
S1-351786059	S2-238008469,S2-556008530,S3-873469886,S3-1728745
S1-296422967	S2-241570244,S2-437126754,S3-783395574
S1-327109718	S3-933794732,S3-764849412
S1-743390725	S2-7041697,S3-744069160,S3-880346082
S1-448935777	S2-285738926,S3-42865747,S3-129830973,S3-925002096,S3-94496006
S1-533729775	S2-251221883,S3-676861048
S1-45634403	S2-357468293,S2-559556513,S3-481804527,S3-684666034
S1-486698744	S2-866395461,S3-542901345,S3-143210918,S3-912087785
S1-306861365	S2-427801068,S2-939467663,S2-387150004,S2-906612532,S2-166558129,S3-183207421
S1-6835700	S2-362686709,S2-895994240,S3-204105329,S3-87195779
S1-211019453	S2-157228979,S2-602158729,S2-742966706,S2-408591423
S1-120031163	S2-73174218,S2-901850698,S2-581573719,S3-91801856,S3-163382431,S3-992635793
S1-557630842	S3-332793998
S1-465036428	S2-380840599,S2-570520710,S2-385514410,S3-600762337,S3-926930944
S1-916850494	S2-250976917,S3-490836120,S3-799164756
S1-119542512	S2-856334855,S3-215887057
S1-988538683	S2-99440101,S2-917343348,S3-289375129,S3-370862122
S1-530745735	S2-953144555,S2-226739566,S2-497628807,S2-294230220,S2-267724380,S3-867606804,S3-320123562
S1-777527675	S2-968260239,S2-645506556,S2-84905087,S3-909227287
S1-474218242	S2-899940680,S3-133762216,S3-550254437,S3-956406763
S1-443523751	S2-322652141,S2-362875802,S3-68091475
S1-934591912	S2-815157219
S1-228258817	S2-765318695,S2-922155003
S1-301034511	S2-883872849,S2-201904363,S3-502751107,S3-563378709
S1-832510677	S2-52698147,S3-1753628,S3-888549398
S1-940400710	S2-254655685,S3-928474436
S1-911125938	S2-858132442,S2-597231572,S3-829299177
S1-628147827	S2-143123232,S3-135817745,S3-71990665
S1-903810934	S2-92981733,S2-792297882,S3-304996875,S3-852932659
S1-136815599	S2-16981350,S3-62367946
S1-462745642	S2-400753781,S3-963437602,S3-891350134,S3-526547366
S1-646593915	S2-791923863,S2-469969282,S2-800996489,S3-560337030,S3-727549253
S1-104563377	S2-922118662,S2-68895769,S2-555366633,S3-198626202,S3-625661210
S1-457139866	S2-818120103,S2-815062890,S2-759905717
S1-210184784	S2-886112526,S2-986296875,S2-641563491,S3-653218097
S1-984702092	S2-8980030,S2-767994882,S2-96380165
S1-661390450	S2-415968678,S3-561832243,S3-239382118,S3-400821432
S1-142675027	S2-681154177,S2-435986753,S3-211525612,S3-832316629,S3-898985408
S1-39457179	S2-76549885,S3-66854894,S3-671353640
S1-360432268	S2-75111597,S2-496539730,S3-306514850,S3-431009047,S3-201035689
S1-206479303	S2-494058485,S2-809389228,S2-706127527,S3-874021854,S3-243401299,S3-610207860
S1-724629239	S2-992822391,S2-449200613,S3-521494107
S1-366289125	S2-542735091,S3-860727544,S3-45684235,S3-252081808
S1-43719843	S3-265740647
S1-615228784	S2-292330444,S3-351380572
S1-239678367	S2-346172643,S2-492387562,S3-120565527
S1-707265864	S2-793387754,S2-96185126
S1-111904740	S2-496908633,S3-863056433,S3-688209842
S1-290776815	S2-848549583,S3-969811933,S3-178632861
S1-84398314	S2-933010351,S3-564772562
S1-228487234	S2-514112501,S3-353505249,S3-304978665
S1-34289242	S2-189623120,S3-762474814
S1-353304745	S2-368205766,S2-446784296,S2-186464168,S3-596985700,S3-387026046,S3-723197662
S1-59090211	S2-761674240,S2-491638060,S2-261000453,S3-910279724,S3-315326126,S3-869766598
S1-77998223	S3-302612044,S3-242899845
S1-771822146	S2-58222492,S2-556639373,S2-882922533,S3-116228261,S3-511014292
S1-638032828	S2-419117992
S1-236241107	S2-993845394,S3-114335959
S1-587134703	S2-464144076,S2-539777864,S3-535230666,S3-429617447
S1-761338125	S2-214457,S3-742274740,S3-143832185,S3-325940811,S3-603563812
S1-756262362	S2-904860392,S3-441210740
S1-668853242	S2-277442162,S2-852287053,S3-414676726
S1-195465904	S2-983872543,S2-499412629,S3-102305491
S1-153643245	S2-474338323,S3-641636866,S3-808706439
S1-517882840	S2-910984788,S3-241679894,S3-376199911,S3-729270953,S3-77084788,S3-210117950
S1-993354558	S2-692255518,S3-116683921
S1-426302172	S2-431436252,S3-502846006,S3-544394634,S3-322745815,S3-726444173
S1-490885913	S2-90911163,S3-679936086,S3-301488090
S1-223424468	S3-863750025,S3-352112360
S1-566757410	S2-113246948,S3-203688001,S3-392711845
S1-466807866	S2-441654799,S3-896271961,S3-235555059,S3-443380000,S3-354940625,S3-700438418
S1-665271917	S2-522041848,S3-860685356,S3-954341836,S3-668781175
S1-229532226	S2-69302023,S3-873454384,S3-46156884
S1-23007901	S2-903370428,S3-645525476,S3-264957824
S1-676915834	S2-352815905,S3-482015598
S1-686363497	S2-356151852,S2-68096063,S2-720103438,S3-636983524,S3-251195251,S3-478502946
S1-71113137	S2-380910627,S2-716414734,S2-17791382,S2-270545194,S3-36381029,S3-689530502,S3-276135225
S1-80676816	S2-924334209,S3-866675231
S1-668337052	S2-829276791,S3-308550033,S3-852088274
S1-450670157	S2-742157742,S3-985350718
S1-794988193	S2-159163540,S2-768192514,S2-363458611,S3-421365317
S1-445022660	S2-221261772,S3-389614863,S3-165225224,S3-289357431
S1-996955099	S2-357667632,S3-146988726,S3-512909927,S3-162160497
S1-78862532	S2-948393114,S2-285408575,S3-319675658,S3-227741377
S1-13260637	S2-403357763,S3-371915520
S1-660456060	S2-752959615,S2-560663387,S2-873565534,S3-483402295,S3-457449145
S1-242916752	S2-179681069,S2-253941311,S3-550313395
S1-646912969	S2-403143999,S2-828560713,S2-385699484
S1-893051757	S2-65995029,S3-353610826
S1-942160416	S2-155053697,S3-425919758
S1-473559360	S2-58953720,S2-786742071,S2-578039260,S2-908068286,S2-545043036,S3-117202076,S3-851565434,S3-278460273
S1-22043573	S2-437657663,S3-205866150,S3-242739203
S1-467075248	S2-30222483,S2-405833229,S2-667029175,S3-432511374,S3-214283152
S1-732615079	S2-998375670,S2-973404452,S2-191938171
S1-985361513	S2-599889167,S2-137729815,S2-308592473,S3-320416707,S3-91715363
S1-93639102	S2-93236931,S2-128066698,S2-759824380,S3-360939853,S3-211420981,S3-970432151,S3-35358348
S1-166944285	S2-665841293,S3-82508817,S3-329179592
S1-614321203	S2-236716492,S2-442627035,S3-289296110,S3-8273884
S1-968162385	S2-560530395,S2-78028863,S3-989804200
S1-769798370	S2-681257627,S2-143319257,S3-893080440,S3-271893020
S1-881168303	S2-302773646,S2-549063291,S3-246970342,S3-202341754,S3-881262651
S1-833267150	S2-294657214,S2-726624592,S2-83773608,S3-457263150,S3-434349181,S3-750435471,S3-537623098
S1-177231264	S2-82098719,S2-245488643,S2-662165622,S3-374454270,S3-615575163
S1-811090379	S2-995203204,S3-761412245
S1-341420748	S2-928628540,S2-667224575,S3-216349966
S1-608935550	S2-154913370,S2-821965339,S3-62506091,S3-148221435
S1-488485030	S2-137623916,S2-340966299,S3-458032524
S1-219279789	S2-899278563,S2-248556129,S3-714074185
S1-833296973	S2-761854455,S2-210296535,S2-396499650,S3-762175268,S3-348731555
S1-438575260	S2-300850363,S2-813865575,S3-964111969
S1-686725602	S2-443910448,S2-740809822,S3-808470869
S1-610108125	S2-976162864,S2-534120431,S2-260008382,S3-33491880
S1-182741988	S2-929018230,S3-97967102
S1-242742457	S3-59012359,S3-390265657
S1-102966551	S2-487321451,S3-661673850
S1-455917776	S2-686688007,S2-234643630,S3-450805897
S1-537684138	S2-793698695,S2-190963562,S2-215278744,S2-594632862,S3-101616252,S3-923814652,S3-194595158,S3-435758399
S1-671898075	S2-262929489,S2-22199582,S3-1023083,S3-352496670
S1-315893996	S2-782105995,S3-302370078,S3-639123970,S3-124828463,S3-589318215
S1-895505337	S2-145674797,S3-903356077
S1-548294012	S2-199041559,S2-404602803,S2-879138344
S1-788199066	S2-843953469,S2-864859322,S3-549888013,S3-531102613,S3-195525493
S1-606348427	S2-930683465,S2-871537495,S2-639006793,S2-21279686,S3-264047661,S3-4125230
S1-816844407	S2-476388130
S1-36433671	S2-517711964,S2-237665978,S3-346868566,S3-969320203
S1-621593329	S2-281284343,S2-851565175,S3-418694810,S3-387877131,S3-951193395
S1-5539917	S2-34354030,S3-515300608,S3-36252833,S3-163942126
S1-109033245	S2-929177211,S2-128206969,S3-231024257
S1-282834186	S2-945432163
S1-20516527	S2-781982485,S3-706552925,S3-850608588,S3-275764959
S1-331452988	S2-482898791,S3-268351055
S1-786775439	S3-149195399
S1-847031300	S2-716125625,S2-762174042,S3-838546346,S3-679755484,S3-58560131
S1-383138553	S2-480961684,S3-333212667
S1-589567362	S2-348921348,S2-250470498,S3-338840348,S3-705484177
S1-938784944	S2-785380536,S2-707484034,S2-266228232,S2-342684193,S3-64928251
S1-236867252	S2-764788795,S3-619176962
S1-815513171	S2-654338728,S3-28687748,S3-395671584
S1-660038606	S2-667868585,S2-380515765,S3-755699323,S3-893272254
S1-397012839	S2-912534034,S2-798322301,S3-841324138,S3-978629745
S1-798867382	S2-814891358,S2-540153456,S3-374973858,S3-153917288,S3-384594171
S1-475000407	S3-423579335
S1-626971518	S3-273295438
S1-458940609	S2-286104507,S3-125950005,S3-207677145
S1-8525827	S2-773910477,S3-13079813,S3-874789032,S3-709243972
S1-429271087	S2-966143411,S2-324453799,S3-855293015,S3-141803758,S3-404167911,S3-298817947
S1-962935782	S2-796610292,S2-274470740,S2-562479791,S2-380173072,S2-620647555,S3-419672864,S3-46542178
S1-279420771	S2-100759147,S3-675944636,S3-999928849,S3-314496167
S1-479053141	S2-914938495,S2-1358949,S2-563099768
S1-368800238	S3-104811719
S1-634961826	S2-200963243,S3-492097041
S1-144150687	S2-404217891,S3-794332507,S3-750934948
S1-869445737	S2-928843551,S3-62172630,S3-736549151
S1-544584333	S2-769118236,S3-196723617,S3-984763052
S1-160994444	S2-212262632,S2-65395170,S3-739805682
S1-589495620	S2-416983287,S2-527669389,S2-517363027,S2-659742225,S3-829855370,S3-70815910
S1-420593437	S2-103247795,S2-816707121,S3-432067663,S3-59409614
S1-765490751	S2-557571239,S3-54050948
S1-122016318	S2-315456812,S2-732217372,S3-578511039,S3-162272166,S3-761494916,S3-830722181
S1-969902718	S2-510600575,S2-880282626,S3-868933959,S3-222872281,S3-875518589
S1-538256077	S3-31850859,S3-336321691,S3-529341437,S3-841020990
S1-624454018	S2-800883240,S2-780025538,S2-908301837,S3-528823595,S3-221164642
S1-194034086	S2-563862935,S2-550152514,S2-347585236,S2-643063069,S3-860639872
S1-942843340	S2-295352430,S2-656974158,S2-627493753,S3-692432437,S3-663588799
S1-901026730	S2-968743170,S2-694269525,S3-950624451,S3-210709105
S1-230549958	S2-259147701,S2-531751331,S3-904286941,S3-465395826,S3-855327933
S1-290377575	S2-286589296,S2-901517519,S3-957288613,S3-596760546,S3-768997033,S3-406790766
S1-498334083	S3-301658769,S3-416138361
S1-813330769	S2-271021609,S3-999448165,S3-745213977,S3-14951056
S1-157261708	S2-90115750,S2-3447832,S3-741606262,S3-350959579
S1-215805734	S2-32294604,S2-41813175,S3-786268320,S3-274797199
S1-316454513	S2-645398529,S3-844130478,S3-369363608,S3-335189051
S1-226334283	S2-708662392,S3-210490011,S3-599970191
S1-681186619	S2-655157243,S3-532447812,S3-34237704,S3-255949144
