entity_id	business_name	business_address	country
S1-793615008	Clairvoyant Record Private Limited	1St Floor, Tamrakarmall, New Bus Stand, Sehore, Madhya Pradesh	India
S1-230549958	Ear Nose & Throat Mountain Partners-Chicago	2100 Kildare Avenue, Chicago, IL	US
S1-132337315	Laxmi Trading Private Limited	1205/8 Shivaji Nagar Ganga Yamuna Flat No 6, Pune, Maharashtra	India
S1-39457179	Anchor Payment Labs LLC	6224 Stafford Street, Prescott Valley, AZ	US
S1-742346343	Automotive College	1St Floor, City Palace, Durga Badi, Surajkund Road, Gorakhpur, Uttar Pradesh	India
S1-278590250	Salazar Guaranty	4650 Fairway Drive, Los Alamos, NM	US
S1-663863887	Danit Rowland, CPA	NC, Winston-salem, 3556 Summerfield Lane	US
S1-591419217	Family Partners LLC	9707 230th Place, Kent, WA	US
S1-519025117	Sanjeevani College Group	22, Ashish Nagar Kanadia Road, Indore, Madhya Pradesh	India
S1-573567195	Samartha Trading Pvt. Ltd.	Door No.7/74A, Kozhikkal, Kavumpuram, Tirur, Malappuram, Malapuram, Kerala	India
S1-80676816	SPF Modern Pioneer	3153 Cog Wheel, St Charles, MO	US
S1-264745267	Cardiology Care, LLC	593 Woodmere Boulevard, Hempstead, NY	US
S1-75498147	Simmons, Jess, Esq.	NY, 31285 30, Le Ray, Unit Lot 124	US
S1-969902718	YRN Advertisers Private Limited	Mmb 1/171, Sitapur Rd, Lucknow, Uttar Pradesh	India
S1-670305710	Loudoun County Cultural Coalition, LLC	44023 Vaira Terrace, Loudoun County, VA	US
S1-854138990	Pediatric All Health LLC	1410 Forest Drive, Unit 31, Annapolis, MD	US
S1-580103163	United Initiative Inc.	1096 Royal Street, Jackson, TN	US
S1-449306864	A Cure 2 All PLLC	OK, 14840 60th Avenue E, Collinsville	US
S1-306861365	Kipp Martinez Aspac	5158 1100, Mattoon, IL	US
S1-364920144	Hyderabad Solutions Private Limited	Plot No.141, Flat No.301 Sb Residency, Snehapuri Colony, Motinaga, R, Hyderabad, Telangana	India
S1-266164397	Homer Regional Chiropractic	NY, Homer, Unit Apartment 204, 45 Cortland Street	US
S1-839000843	Lotus My Builders	S-103, First Floor Param Puri, Uttam Nagar, New Delhi, West Delhi, Delhi	India
S1-389277132	Ridge Fellowship III	130 13th Street, MT, Laurel	US
S1-574333023	Classic Life International Private Limited	Singar Nagar, Uttar Pradesh, Lucknow, 569/Ka/195	India
S1-476955207	Lambodar Softwares	B-702, Shreeji Arcade B/H Bhulkabhavan School, Anand Mahal Roa, D, Adajan, Surat, Gujarat	India
S1-354889538	Rabun Boral LLC	226 87 Street, New York, NY	US
S1-77155375	Verrium Bitcoin Clinic	1679 Lancaster Drive, Youngstown, OH	US
S1-391999301	Team Air Pvt. Ltd.	Flat No:101, Anuska Towers, Opp. Mercedes Benz Show Room, Lakdi- Ka, -Pool, Hyderabad, Telangana	India
S1-373728715	Bhavya Traders Pvt Ltd	Room No.4060, Adivasi Chaw, Aatkoneshwar Nagar, No.01, Thane, Maharashtra	India
S1-316454513	BIM Solutions Private Limited	D-532, Rajajipuram, Lucknow, Uttar Pradesh	India
S1-719956835	Russell Cascade Rivernorth	14733 Olivine Street, Ramsey, MN	US
S1-409903389	Stag LLC	3025 14th Avenue, Unit #E7, Gig Harbor, WA	US
S1-104563377	Real Care Pvt Ltd	301, Bihar, Maharaja, Kameshwar Complex, Patna, Frazer Road	India
S1-282834186	Dynamic Gulf Homecare, Inc	147 Avenue E, Robstown, TX	US
S1-268730590	Services Orion Fuels Private Limited	Sector-15 Part -Ii, Gurugram, H. No. 1026, Gurgaon, Haryana	India
S1-290377575	Mendenhall Blue Top	311 1/2 College Drive, Decorah, IA	US
S1-455917776	Citadel	38 Deer Court Drive, Middletown, NY	US
S1-54244768	Gujarat Producer Private Limited	52/162, Pratap Nagar, Sanganer, Jaipur, Rajasthan	India
S1-119811850	All Producer Private Limited	A Bda, Complex, Bhopal, Flat No. 505, Madhya Pradesh, Huzur	India
S1-704105695	Internal Medicine First Care Associates	120 Mountain Laurel Road, Wetumpka, AL	US
S1-313407001	Smith Endocrinology	301 Nevada Avenue, Mountain Home, AR	US
S1-990694461	Healthy & Sons LLP	Medreich House, Bangalore, 12/8, Saraswathi Ammal Street, Maruthi Sevanagar, Karnataka	India
S1-353020204	Prairie Capital Partners PLLC	120 Autumn Woods Boulevard, Mount Holly, NC	US
S1-429271087	Shiva Media Pvt Ltd	Iit Madras Research Park, 1 Fa, I Floor Kanagam Road, Taramani, Adayar, Chennai, Tamil Nadu	India
S1-445371731	Kolkata India Private Limited	Vill & P.O.-Rasapunja, P.S.-Bishnupur B.H. Road, Kolkata, Howrah, West Bengal	India
S1-955633557	Ehresman, Zola H., DO, DDS PC	147 Northville Road, Edinburg, NY	US
S1-150331298	Dedra Clark, D.O.	3 King Arthurs Way, Unit Unit 2, Newington, CT	US
S1-142735138	B U Aguinaga Five Inc	605 El Camino Avenue, Unit APT 6, Sacramento, CA	US
S1-77998223	Super Investment Private Limited	C/O Shri Suresh Rambhau, State Bank Colony Nr Tapa, Amravati, Maharashtra	India
S1-602161635	Hannum Cascade Empire	1352 Hungerford Point, Town Of Saint Croix Falls, WI	US
S1-968422536	Primary Care Center LLC	MD, Laurel, 9518 Jaclyn Court	US
S1-668367395	Aryama Enterprises Company	17/2 Bara Mohalla, Near City Thana, Hisar, Hissar, Haryana	India
S1-486914502	Happy Hypnosis	2763 G Street, San Bernardino, CA	US
S1-368280947	Yorktown Holdings	744 Ykt Slickfield Road, Yorktown, TX	US
S1-394011152	Solutions Adroit Farms Pvt Ltd	Plot No-130, At Sarua, Baghamari, Khordha, Orissa	India
S1-990276592	Maddox Modern Abacus LLC	812 Jefferson Street, Unit 4, Washington, DC	US
S1-115608838	Madsen Rithm	6987 Highway 278, Ozan, AR	US
S1-455531091	Everest Asset	Indianapolis, 3217 48th Street, IN	US
S1-213971999	Pao Holding Company Partners	NC, Unit M5, 400 Tryon Street, Charlotte	US
S1-564466082	Strategic Genomic Digital, LLC	200 Birch Street, Village Of Woodville, WI	US
S1-195465904	VJG Informatics Private Limited	Plot No. 351, Kiadb Industrial Area Auto Nagar, Kanbargi, Belgaum, Karnataka	India
S1-183582136	Womens Health First Clinic LLC	TX, Lubbock, 3508 38th Street	US
S1-522521870	New Delhi Industrial LLP	Cp-116 First Floor Maurya Enclave Pitampura, New Delhi, North West, Delhi	India
S1-548294012	National Lithium LLC	TN, 200 Second Avenue, Jonesborough	US
S1-844784547	RPW Federal Cayson Inc	1611 Bronco Lane, Badger, AK	US
S1-384400545	Kolkata Solutions Ltd	1858/1, Rajdanga Main Road 5Th Floor, Unit No 5/12, Kolkata, Kolkata, Acropolis, Howrah, West Bengal	India
S1-972175050	Othilie Rodriguez Printing LLC	114 Divins Court, Richmond, KY	US
S1-19650681	Mountain Center LLC	Greenbrier, 158 Irene Circle, AR	US
S1-660456060	Balaji Hospitality Private Limited	H.Ho.169, F/F, Village- Ali, K Mpur Near Dsiidc Comple, Delhi, Central Delhi, Delhi	India
S1-708146299	A Cure 8 All	12214 Autumn Dale Court, Maryland Heights, MO	US
S1-690700988	Bryant's Precision Skin Care	1403 Adams Circle, Hampton City, VA	US
S1-190897820	Red Media Private Limited	Jutika Apartment, Two-Fr, Fl-2D, 11/1 Sunny Park, Kolkata, Kolkata, Howrah, West Bengal	India
S1-22286338	Innovative Wireless Innovations Inc	13560 Mason Drive, Tell City, IN	US
S1-309859844	Nanice Espinal Investments	41956 Venn Road, Antioch, IL	US
S1-671898075	Madhapur Services Pvt Ltd	Serinity Square, Plot No: 37, & 38 Opp.The Westin Hotel, Raheja Mind Space, Hitec City, Madhapur, Hyderabad, Telangana	India
S1-353736362	Equinox	11703 Plumpoint Drive, Houston, TX	US
S1-919377291	Yolande Brown Telecom Inc.	1224 2nd Street, Robinson Township, PA	US
S1-490885913	Technology Ramling Rising Private Limited	Be-372, First Floor Hari Nagar, New Delhi, West Delhi, Delhi	India
S1-707265864	Noida Infraestates Limited	B-300 Sector-20, Noida, Gautam Buddha Nagar, Uttar Pradesh	India
S1-872140900	Underwood, Stowe & Monroe Care	TX, 5018 Waddell Street, Fort Worth	US
S1-784017016	Waves Trading Private Limited	Shyamala Towers, Iii Floor No.136 Arcot Road, Saligramam, Chennai, Tamil Nadu	India
S1-664752852	Royal Packaging Corporation Partners	PA, 1104 Freedley Street, Conshohocken Borough	US
S1-529931481	Beth Church	2828 A Adams Street, Seattle, WA	US
S1-180356987	Lyryx Launch	New Albany, 410 Village Circle, IN	US
S1-290776815	GK Value Illumination LLC	7501 W Shore Drive, Edina, MN	US
S1-509635264	International Ahmed Health Corporation	Sabji Mandi Sarhaul- Guru, Palam Road, Haryana, C/O Pramod Kumarsector-18, Gurgaon	India
S1-142675027	Superior Property Technologies Inc	36 Bluefish Lane, Palacios, TX	US
S1-992222008	Allied Trusted Optics Inc	167 Taylor Road, Cornwall, NY	US
S1-966309975	Let Peoples (India) Private Limited	Sultanpur Road, Kapurthala, Punjab	India
S1-997628666	Diamond Wealth Technologies	Everett, Unit 2, MA, 24 Adams Avenue	US
S1-137910615	Mceachern, Anderea, CPA, DDS PC	6515 Christmas Tree Road, Campbellsburg, IN	US
S1-406559496	Melvin Bnb LLC	11 Orchard Avenue, Clarkstown, NY	US
S1-346715589	Shiv Traders Pvt Ltd	35/387, Safa Square, Poovathil Building, First Floor, Near Chilton Towers, Koonamthai, Ernakulam, Kerala	India
S1-544038306	FW Fuels Private Limited	No.824 / 6 & 7, Byramangalam Village Kelamangalam Road, Denkanikottai Taluk, Krishnagiri, Dharmapuri, Tamil Nadu	India
S1-417688321	Krishna Management	Plot No-Lb-86, Badagada Brit Colony Ps-Badagada, Bhubaneswar, Khordha, Orissa	India
S1-371090697	Castro and Mcqueen LLC	115 Rutherford Drive, Rockwall, TX	US
S1-465036428	Ceniify Consultants	1443 Teneighth Way, Sacramento, CA	US
S1-308376796	Wingate's Tire Shop LLC	8106 Maplegate Place, Glenn Dale, MD	US
S1-638032828	Atlantic Initiative	14020 Black Canyon Highway, Unit 1081, Phoenix, AZ	US
S1-512705745	Black Builders Limited	C/O- Baleshwar Mahto, Ward No.04, Vill & Po- Chaksikandra, Ps- Tajpur, Samastipur, Bihar	India
S1-820779251	Dynamic Optimal Third Inc	117 Spring Street, Bessemer, AL	US
S1-864922921	Primary Care Medicine of Richmond Hill Inc	136-06 87 Avenue, Richmond Hill, NY	US
S1-646967910	Fortune One Developers Private Limited	No 18 Kno 334 Thuberahalli, Bangalore, Karnataka	India
S1-173125407	Bright Solid	522 Windrow Lane, Waxahachie, TX	US
S1-116292005	Cornerstone Investments L.L.C.	1475 Manitowoc Road, City Of Menasha, WI	US
S1-181742960	White Financial LLC	18036 Pheasant Lake Drive, Tinley Park, IL	US
S1-524078175	Jain Hospitality Limited	B-54, Karni Nagar, Near Karni Bhawan Palace Hotel, Lalgarh, Bikaner, Rajasthan	India
S1-461958135	Brit Cash Modern Proem Co	15758 Willow Drive, Fontana, CA	US
S1-501501997	Morris & Sotelo Inc	Unit 4, Lynn, MA, 555 A Summer Street	US
S1-647547897	WF All Greenfire Inc	157 John Henry Circle, Folsom, CA	US
S1-693424017	Hari Software Limited	H. No 2M/94, B.H. Colony, Kankarbagh, Sampatchak, Patna, Bihar	India
S1-368800238	Lakshmi Global Private Limited	7-4, Sanath Nagar, Hyderabad, Telangana	India
S1-242338078	Randolph, Rolls and Zacharias Care	403 Wilson Drive, Midwest City, OK	US
S1-140269631	United Fuel LLC	9001 Drummond Avenue, Portland, OR	US
S1-190973617	Optimal Gulf Chile	953 Biersdorf Street, Carbondale, IL	US
S1-647469291	Dedyne	2114 Ashley Road, Unit 2501, Charlotte, NC	US
S1-589495620	Krishna Foundation Private Limited	Near To Govt. Girls. S. S. School, Mudki, Firozpur, Punjab	India
S1-102961481	Kelley Chiron LLC	4840 Pebble Way, Unit APT F, Indianapolis, IN	US
S1-318492526	King Federal Colombier Inc.	550 Forest Park Court, Unit B, Dayton, OH	US
S1-355189296	Heart Institute LLC	6119 159th Street, Omaha, NE	US
S1-355566568	Industries Trio Note	51/6, Ho-Chi-Minh Sarani, Flat 10, Fourth Floor, Kolkata, Kolkata, Howrah, West Bengal	India
S1-608626674	Big Cafe LLC	11571 Christmas Cholla Drive, Fl 1, Scottsdale, AZ	US
S1-690719060	Atlantic Wireless Works PC	12 Battles Farm Drive, Brockton, MA	US
S1-593312110	Tedyne PC	240 Allen Bachman Way, Allen, NY	US
S1-413665268	Ventures Aazhi Agencies Corp	Plot No-210/A, Allapur, Kukatpally, Balanagar, Hyderabad, Telangana	India
S1-200024278	Koyo Clothing Private Limited	C/O Mr.Santhibhooshan M S, Mangattunjalil House, Pullu-Temple, Nr Church Back House, Thrissur, Kerala	India
S1-973313870	Noriega Oneim Inc.	1125 Spring Street, Grinnell, IA	US
S1-661807190	Mendez's Excavation PLLC	914 Charlotte Drive, Anoka, MN	US
S1-954299608	North Services Private Limited	S-13, Sarthak The Mall, Gandhinagar, Gandhinagar, Gandhi Nagar, Gujarat	India
S1-838724147	Cherey Gandy, Ph.D.	MO, Saint Louis, 18 Fair Oaks Drive	US
S1-71152932	Shyam Industries Private Limited	Plot No. 35 Kh.No. 76/15 Ground Floor, Blkh-2, Budh Vihar Pooth Kalan, New Delhi, Delhi	India
S1-937064726	Karlene Mess Creative Harbor	950 Martin Luther King Jr Way, Merced, CA	US
S1-807590124	Baon Inc.	740 Lanoir Street, East Ridge, TN	US
S1-402575333	Dionis Nelson First Development LLC	806 Portage Street, Unit A, Arlington, WA	US
S1-826085565	Om Infotech Private Limited	Shop No. 103, First Floor, Universal Plaza 13/20, W.E.A, Karol Bagh, New Delhi, Delhi	India
S1-868302622	Cfl Systems Pvt. Ltd.	No 51, Second Floor, Bootstart Co Work, Rishab Arcade, Sanjay Nagar, Bangalore North, Bangalore, Karnataka	India
S1-547778479	Disha International Pvt Ltd	Shop No. 4, Maharashtra, Null Bazaar, Taapia Mansion, 185 Erskine Road, Mumbai	India
S1-813330769	Oncology Allied Specialists	985 Serendipity Drive, Aurora, IL	US
S1-19525485	Dermatology Summit Physicians LLC	317 Circle Drive, Salem, IL	US
S1-44839286	Great Hospitality Limited	Sy No 34 Raidurga Nav Khalsa Serilingampally, Hyderabad, Telangana	India
S1-985361513	Capital Optimal Mckinley Inc	Washington, DC, Unit 302, 2115 Maryland Avenue	US
S1-626023312	Baba Projects Private Limited	A-44, G-2, Vds Business Center, Sector-2, Noida, Noida, Gautam Buddha Nagar, Uttar Pradesh	India
S1-64045554	Peninsula Clinic	Sr No 223/1, H No. 1309, Pareejat H Socy, Hadapsar, Pune, Maharashtra	India
S1-163931589	Perfect It Private Limited	Door No. 52/3028 D, 3Rd Floor, Syama Dynamic, Vytila Junction, Cochin, Ernakulam, Kerala	India
S1-901026730	Frontier Braves	5109 Eagle Ridge, Springfield, IL	US
S1-89282797	Timber Inc	11504 1/2 Spruce Canyon Drive, Austin, TX	US
S1-889676953	Baptist First Services	280 14th Street, Newark, OH	US
S1-560431944	Pettijohn's Freight	11215 Ditman Avenue, Kansas City, MO	US
S1-977781104	Great Project	MD, 3402 Pendleton Drive, Silver Spring	US
S1-488485030	SC Nidhi Private Limited	Shop Rz B-4 Raghu Nagar, New Delhi, South West Delhi, Delhi	India
S1-277927901	Mazzola Holdings	217 252 Street, Bronx, NY	US
S1-502417969	Green Flex	35 Scotch Cap Road, Waterford, CT	US
S1-120031163	Orthopedic Prime Partners Corp	2608 Occidental Drive, Fairfax County, VA	US
S1-345642290	Medix India Private Limited	Basement, House No. 9 Sector 17A, Gurugram, Gurgaon, Haryana	India
S1-416359861	Indrraj Farms Pvt Ltd	A-1/296, Janakpuri New Delhi, New Delhi, Delhi	India
S1-828373503	Tiertza Litten Flex	2562 M Place, Auburn, WA	US
S1-747613705	OV Workforce Limited	12-13-1274, C 204 Tarnaka, Hyderabad, Telangana	India
S1-228258817	Thomas Interests Inc	7548 Monte Brazil Drive, Sacramento, CA	US
S1-84147103	Preferred Defense Ventures, LLC	1802 Cruiser Lane, Unit UNIT 214, Belgrade, MT	US
S1-813444299	Royal Value Tower	2151 East Avenue, Unit Unit H, Brighton, NY	US
S1-964061525	Haveli Warehousing Care	Sno 118/26 Balaji, Chowksus Road Pashan, Haveli, Pune, Maharashtra	India
S1-160255790	Kpm Hawk Private Limited	1-1-894, Siddarth Nagar Rec Post, Warangal, Warangal Urban, Telangana	India
S1-22124568	New Delhi Works	4Th Floor 150-A, Sant Nagar, New Delhi, South Delhi, Delhi	India
S1-906935157	Bridgette Rivas Internet-Prince Edward County	105 Haskins Ln, Prince Edward County, VA	US
S1-677752871	Maryl Simonton, Esq.	7175 Camelback Road, Unit UNIT 208, Scottsdale, AZ	US
S1-752991527	Ernakulam Agro Private Limited	Xxvii/1610Anear Shipyard Cochin, Ernakulam, Idukki, Kerala	India
S1-915047994	Superior Medical Associates	15254 Sequoia Street, Unit UNIT A, Hesperia, CA	US
S1-40003273	JI Consultancy	C25 Cc Colony, New Delhi, Delhi	India
S1-238333381	Bharat One Consultants Pvt Ltd	Villa No 47, Kismathpur, L B Prasad Eye Institute, Shaikpet, Hyderabad, Telangana	India
S1-78862532	Carbone and Duncan Japan LLC	10637 Leclaire Avenue, Oak Lawn, IL	US
S1-917607666	Hildegaard Martin Great Information LLC	Meriden, 72 Amity Street, CT	US
S1-769798370	Shyam Krishna Hospitality	B-103, 1St Floor, Elenza Crest, Sindhubhavan Road, Bodakdev, Ahmadabad City, Ahmedabad, Gujarat	India
S1-161451865	Black Infra Private Limited	E-49/5, First Flr Okhla, Industrial Area Phase Ii, New Delhi, Delhi	India
S1-515169256	Balaji Solutions Private Limited	Asn Starchem Private Limited C/O Mr Shailendra Gupta 26 Arogya Nagar, Kota, Rajasthan	India
S1-215828262	Soex Obic, LLC	2220 24th Avenue, Nashville, TN	US
S1-500151913	Diversified Telecom Dynamics Group	1857 4th Avenue, Sacramento, CA	US
S1-462745642	Star Marketing Union LLC	321 Saint Nicholas Avenue, Worcester, MA	US
S1-773121823	Balakrishna Institute of Technology Private Limited	Ground Floor H.No. 84, Village Chhawla, Najafgarh, Delhi, South Delhi, Delhi	India
S1-372838458	Buckner & Rowe Consulting	231 10th Street, Newark, OH	US
S1-761338125	Cardiology Health	14839 Elmtex Drive, Humble, TX	US
S1-903810934	Cbs Beverage Pvt Ltd	Rs.No.57 Opp. Plot No.124, Sosiya Yard, Talaja, Bhavnagar, Gujarat	India
S1-627285279	Great Insurance Ltd	13219 Annika Drive, Litchfield Park, AZ	US
S1-156549428	Bombay Galaxy Software Private Limited	Karad, Samarth Apart.-210.3, Maharashtra, Flat No A1, Satara	India
S1-654347800	ELK Custom Telefonica	1575 Belmont Avenue, Baton Rouge City, LA	US
S1-401398178	Health Bay Coalition PC	935 Gardner Road, Wythe County, VA	US
S1-635789462	Vision Foods Limited	C/O Sarita Kumari Meena, Basant Vihar Colony, Jaipur, Rajasthan	India
S1-823013821	Newsome Focus	3040 Millers Way, Unit 11, Sevierville, TN	US
S1-888202611	Pediatric Dentistry Partners LLC	112 Rolling Acres Lane, Clinton, TN	US
S1-909132549	Nenaia Co	1932 Ave P, Scottsbluff, NE	US
S1-259814901	Brown Classic Pharmaceutical, LLC	537 81 Street, New York, NY	US
S1-643443638	Jerrie Hoskins American Tech	365 Morris Road, Laceys Spring, AL	US
S1-435279541	Young, Mcknight and Sullivan Inc	525 Rose Drive, Waverly, OH	US
S1-723082722	Ear Nose & Throat Physicians Inc	Clarkstown, NY, 5 Lambiance Court	US
S1-644010795	Lotus Foundation Private Limited	1/2234, Ram Nagar Shahdara, Near Pandit Chowk, Delhi, Delhi, East Delhi, Delhi	India
S1-740653166	Bernadette Pace, Ph.D.	4225 Regents Park, Hamburg, NY	US
S1-638694960	Glyphyx Futurecrest	AL, 627 East Street, Sulligent	US
S1-807758362	Innovative Custom Sab, LLC	3449 Creek Road, Porter, NY	US
S1-788141772	Junina A. Borden, P.A.	6520 173rd Place, Tinley Park, IL	US
S1-608935550	Daugherty Charter School	8411 Ada Street, Chicago, IL	US
S1-122016318	Shakti Builders Limited	New Delhi, Farm No. 22, Delhi, South Drive, Dlf Chhattarpur, South Delhi	India
S1-402858407	Forge	455 Central Park, New York, NY	US
S1-161396799	Mccorvey and Turner Chemical	5616 Herring Point Circle, Seymour, TX	US
S1-667933817	Integrated Renaissancere	1838 Ocean View Avenue, Norfolk City, VA	US
S1-764867519	Safalya Clothing Private Limited	23, Iind Floor Parmanand Colony, New Delhi, Delhi	India
S1-563779473	Asha & Co	Flat No-8178, Tower 8, Begur Koppa Road, Bangalore South, Bangalore, Karnataka	India
S1-510350611	Wolf Navios	852 County Road 3479A, Cleveland, TX	US
S1-866544288	Vargo, Wagner and Gardner Bleichroeder, Inc	Unit 106, NC, Cary, 915 Dudley Park Loop	US
S1-909905192	Jansen Keystone Top	IL, 185 Plainview Drive, Bolingbrook	US
S1-760923570	Patsy's Vanguard Advertising Corporation	3710 Camelback Road, Unit 139, Phoenix, AZ	US
S1-441470524	Pb & Sons Private Limited	D-66, Sector - 6, Noida, Noida, Gautam Buddha Nagar, Uttar Pradesh	India
S1-341452471	Katerine Wright, MD, M.D., P.C.	4116 Orleans Place, Alexandria City, VA	US
S1-200723243	Unique & Sons Private Limited	Plot No.118, 119 Syno:190, Ip Chandanvelly, Rangareddy, K.V.Rangareddy, Telangana	India
S1-65212889	1084 Highland Blvd Properties P.C.	2916 Mckinley Street, Anderson, IN	US
S1-291579133	Pune Bharat Limited	165, E Samudra, Hoshatti, Bharamasagara, Chitradurga, Karnataka	India
S1-655396087	Desert Fund	745 Merrow Road, Unit Unit 176, Coventry, CT	US
S1-854547437	Tolbert Biologics	5645 Shimerville Road, Clarence, NY	US
S1-566683104	South It Limited	Parsauni, Bihar, Sitamarhi, Ward No 6	India
S1-219412230	Carey, Tropp & Chadwick LLC	Cottage Grove, 276 7th Street, OR	US
S1-38315331	Richardson Elite Krakacquisition LLC	139 Concord Street, Ashland, MA	US
S1-411727024	Zee Consultants	Jajpur, Orissa, Jajpur, At/Po:Areikana Balichandrapur	India
S1-916542392	Vision Consultancy Private Limited	Flat No-A-007 Shivprerna, Apt Nr Abhinav School, Kalyan, Thane, Maharashtra	India
S1-906863797	Skeen Paper	2100 Columbia Avenue, Hyattsville, MD	US
S1-31006198	Stunning Consultancy Private Limited	C/O Devesh Singh, H No 47, Alia Bulbul, Risia, Bahraich, Uttar Pradesh	India
S1-214393505	Foot & Ankle Physicians PC	Lakeside, 4765 Oakwood Street, AZ	US
S1-921871456	Honesty Gas (India)	Shop No 1, 2 Floor, Angel Complex, 1St Main Road, Bramaramba Extensin, Chamarajanagar, Chamarajanagara, Chamrajnagar, Karnataka	India
S1-552104902	Ujjain Network Limited	27/3 Udhyogpuri Agar Road, R2 Kpz-5216, Ujjain, Madhya Pradesh	India
S1-443523751	Ridge Clear Navios	18 Monroe Street, Pelham Manor, NY	US
S1-119038018	Huzur Cold LLP	H No Dhv-5/85, Danish Hills View Colony, Huzur, Bhopal, Madhya Pradesh	India
S1-694278114	Allied Pan Inc	112 Jefferson Street, Williamsburg City, VA	US
S1-183354029	Signature Stores	1011 Gallagher Avenue, City Of Green Bay, WI	US
S1-993540284	Sun Logistics Private Limited	34, 2015, B-5, Navaratna Apartments, Bhagyadhara Lane, Palarivattom, Kerala	India
S1-133274923	Vision Center LLC	10701 750, Amboy, IN	US
S1-646625751	Apex Consumer Advisors	1416 Wildwood Drive, Nashville, AR	US
S1-618751713	#Sefloify Republic LLC	N2261 Prairie River Avenue, Town Of Merrill, WI	US
S1-355365367	Innotech Holdings Limited	Vill. - Krishnanagar (Patpur), P.O. - Sihar, P.S. - Kotalpur, Bankura, West Bengal	India
S1-213140564	Ornelas Clear Bain	2840 Andros Street, Costa Mesa, CA	US
S1-484250863	Anilesh Labs Private Limited	310, Kinara Apartment, Behind Shree Apartment, Surat, Gujarat	India
S1-582948204	Dalton, Hanson & Pierce LLC	9245 Winding Oak Drive, Fair Oaks, CA	US
S1-584272965	Shandee Powers Magna LLC	13 Meadow Avenue, Weekapaug, RI	US
S1-229532226	Hrv Traders Private Limited	359, Barahani, Chandauli, Chandauli, Uttar Pradesh	India
S1-515258702	Cunningham and Eadie Construction Inc	560 Oklahoma Avenue, Washington, DC	US
S1-243560817	National Fellowship VI LLC	9404 Lona Lane, Albuquerque, NM	US
S1-773696322	Narayan Shopping Associates	Rajkot, C-804 Imperial Heights 150 Feet Ring Road - Opp. Big Bazar, Rajkot, Gujarat	India
S1-93926066	Paras Energy	C/O P.Manikantha, Po-Charamula, Telengashi, Nabarangpur, Orissa	India
S1-98096639	Carrion Equity Partners Inc.	TX, 3934 Lupin Bush Lane, Manvel	US
S1-466346556	Quiroz Reliable Alchemy Inc	116 Papineau Street, Papineau, IL	US
S1-777210964	Davis Family Office	88 Olive Circle, Lebanon, TN	US
S1-138897230	Clark, Hensley & Patton LLC	440 Webster Street, Kasota, MN	US
S1-227971726	Wilson's Value Tax Service	10022 Switchyard Drive, Cornelius, NC	US
S1-6115192	Mccormick Apex Supply L.L.C.	19 Rolling Hills Drive, North Branford, CT	US
S1-342368360	Urology Care	3749 9N, Moriah, NY	US
S1-732252654	Surgical Health	Bldg 7, Leominster, MA, 380 Central Street	US
S1-999013499	Mari Sousa Pearl LLC	114 Main Street, Unit Unit A, Norristown Borough, PA	US
S1-366289125	E 4 Value Debt Inc.	1400 32nd Avenue, Bldg Building 210, Fargo, ND	US
S1-854227623	Shiv Investment Private Limited	Delhi, Gali No. 12, Kailash Nagar, 9/2347, Delhi	India
S1-843172679	Onus Hospital	12/356-7, Nadamalika Road, Vegetable Market, Mannarkkad, Palakkad, Kerala	India
S1-430213255	Lotus Exports Private Limited	Khasra No. 265, Basai, Enclave Part Ii, Basai Road, Gurgaon, Haryana	India
S1-261717453	India Seva Innovations Pvt. Ltd.	C/O Shobhnath Yadav, Vill Malak Inside Raja Rahul City Po Nilmatha, Lucknow, Uttar Pradesh	India
S1-566149884	Nakshatra Solar	Raj Mahal Veer Nariman Roadchurch Gate, Mumbai, Maharashtra	India
S1-512364754	Hayes and Shaver LLC	862 Right Fork Of Jesse Fork Road, Saint Albans, WV	US
S1-181083675	Saltsman Martin Inc	739 Hebron Drive, Evansville, IN	US
S1-733827795	Reliable Cloud Enterprises LLC	6513 22nd Avenue, Phoenix, AZ	US
S1-527148562	Super Logistics Private Limited	C-565 & C-565 B, Delhi, New Delhi, Old N-10, G/F Shop, Kh No. 116/10/1, Mahavir Enclave Part-3, Uttamnagar	India
S1-433603542	Vision Care Care	2402 Phyllis Drive, Copperas Cove, TX	US
S1-464974641	Family Fellowship III Inc.	104 Fleming Avenue, Geneva, AL	US
S1-962515036	Welcome Trust Partners	3-154, Vighneswara Nagar, Valasapakala, Kakinada, East Godavari, Andhra Pradesh	India
S1-877878422	Germain and Ecker Good Inc	12 Maple Road, ME, Belmont	US
S1-139367218	Hotel Agro Private Limited	Floor-2, Plot-30, Towerno.4, Strata Planet Godrej Keshavrao Khadye Marg, Saat Rasta, Jacob, Circle, 202, Maharashtra, Mumbai City, Mumbai	India
S1-380308502	Indo Global Private Limited	Plot No 128 179, Saroornagar, K.V.Rangareddy, Telangana, Sai Balaji Township	India
S1-668853242	Shivam Agro Private Limited	H.No.16-1-278/2 Rt Saidabad Colony, Hyderabad, Telangana	India
S1-391642916	GEE Center Co	1-3-260/3/A/1, Pahadi Ngr, Bhuvanagiri, Yadadri, Bhongiri, Nalgonda, Telangana	India
S1-870131289	Eastern & Partners	Plot No. 7, Marwah Estate Saki Vihar Road, Andheri (East), Mumbai, Mumbai City, Maharashtra	India
S1-345861127	Urgent Care Partners LLC	3701 Taylorsville Rd, Unit 3, Louisville, KY	US
S1-984702092	Little & Cornelio Inc.	533 32nd Street, Unit APARTMENT  B, Tulsa, OK	US
S1-294308078	Kinlaw & Watson LLC	706 Sleepy Hollow Drive, Franklin County, VA	US
S1-599814190	Balaji Producer LLP	F-43, Delhi, Gurgaon, Green Wood City Sector - 46	India
S1-20516527	Caesar Marketing Company	Flat. No. B 908, Niharika Exotica, Rangareddy, Telangana	India
S1-679700034	Gold Logistics Private Limited	No 4 G2 Viswas Enclave, Veeraih Amman Koil, 2Nd Street, Pallikaranai, Chennai, Chennai, Tamil Nadu	India
S1-551528447	Indo Services Limited	New No.104, Sengazhani Amman Koil Street Puzhuthivakkam, Chennai, Tamil Nadu	India
S1-13260637	Atlantic Council II	130 Skiway Circle, Beech Mountain, NC	US
S1-712708889	Family Empire Partners LLC	2716 Valdez Drive, Temple, TX	US
S1-791354794	Lakshmi Foods Private Limited	House No. 45, C-2, Block-Wz, Landmark Na Ratan Park, New Delhi, West Delhi, Delhi	India
S1-360432268	Vipul Investment Private Limited	S No.545/A/B, Pi No. 433, Salisbury Park Gultekadi, Pune City, Pune, Maharashtra	India
S1-690718478	Regional Alliance	411 Main Avenue, Hankinson, ND	US
S1-621593329	South Builders Private Limited	Maharashtra, Pune, The Fifth Avenue Office E-1, Pune, 4Th Floor, Dhole Patil Road, Near L & T House	India
S1-11647218	Ujjaksh Links LLP	B-303, Jai Residency, Evershine City Near Sector 7, Vasai East, Thane, Maharashtra	India
S1-401445698	Delhi Consultancy	New Delhi, 69, Delhi, South Anarkali Extension P.O., Krishna Nagar, Street No.11	India
S1-526853202	Quanteon Mercury LLC	908 Hempstead Boulevard, Hempstead, NY	US
S1-397012839	Morbi Ram Private Limited	Plot No. 24P, Pruthviraj, Plot, Near Shakti Ice, Morbi, Rajkot, Gujarat	India
S1-610108125	Baba Infotech Private Limited	B-513, 1St Floor Green Field Colony, Faridabad, Haryana	India
S1-373638246	Mumbai Herbals Pvt Ltd	Mumbai, Maharashtra, 104 Teerthankar 294 S K Bole Road Dadar (West), Mumbai	India
S1-769679634	Vanguard Global Culture	1443 Alvernon Way, Tucson, AZ	US
S1-881698917	Eastern Total Eye Care P.C.	AL, 704 Dubuque Drive, Montgomery	US
S1-449125375	Loreen Welch Keen LLC	1338 Mystic River Lane, Rosenberg, TX	US
S1-412087365	Behavioral Health Silver Associates Clinic	352 Old Stage Street, Adamsville, TN	US
S1-123299128	Roots & Co	2 Jogendra Kaviraj Row, 2Nd Floor, Kolkata, Kolkata, Howrah, West Bengal	India
S1-92494157	Trichy Technologies Limited	Trichy, No:379, Second Street, Amman Nagar, East Extension, Kattur, Tiruchirappalli, Tamil Nadu	India
S1-206479303	Dental All Care Associates LLC	5805 W Gate Boulevard, Austin, TX	US
S1-845749412	Hunter Managed	550 Asbury Road, NC, Candler	US
S1-660038606	Ss Estate Private Limited	Plot No 1, Sy.No 87 Part, Maalaxmi Residency, Behind Chandra Reddy Gardens, Kompally, Hyderabad, Telangana	India
S1-634961826	Zephyr PLLC	2107 Primrose Pass Drive, Richmond, TX	US
S1-383913157	Al (India) Mercantile Limited	Indicon Viva, 3Rd Floor 53A, Leela Roy Sarani, Gariahat, Kolkata, Howrah, West Bengal	India
S1-281610105	Garcia Mountain Biotherapeutics PLLC	11171 Samish Island Road, Bow, WA	US
S1-861658996	North Care Private Limited	713 Ambily Bldgs Hospital Jn, Kundara, Kollam, Kerala	India
S1-332767604	Scholarship Council	10436 NC41, Fairmont, NC	US
S1-663968794	Anspach Spa, Inc	467 Palmerston Drive, Cincinnati, OH	US
S1-620664514	Ajit Real Private Limited	A-202, 2Nd Floor, Chandravijay Society, Mahatma Phule Road, Mulund, Mumbai City, Maharashtra	India
S1-988538683	Choice Research Holdings	10925 61st Street, Douglas County, NE	US
S1-262703093	Smart Energy Private Limited	Bhudia Vadi Sheri No 5, Vishal Nagar, Junavas, Bhuj, Kachchh, Gujarat	India
S1-566757410	Choice Telephone LLC	10814 Stafford Street, Fl 0, Wichita, KS	US
S1-180746976	Christ Methodist Church	335 River Drive, Polebridge, MT	US
S1-692111922	Delta Coinshares LLC	3725 Waterton Leas Court, Charlotte, NC	US
S1-447639119	HE Shetkari Pvt Ltd	Tc 1/2256 Kazhakkoottam Village, Thiruvananthapuram, Trivandrum, Kerala	India
S1-953350143	Metro Fortune LLC	6020 78th Street Court, Unit #A301, Lakewood, WA	US
S1-248546626	North Coca LLC	IN, 9971 Woodland Court, Terre Haute	US
S1-577179621	Foye Piedmont Paceline LLC	8820 Lucas And Hunt Road, Unit APT E, Saint Louis, MO	US
S1-562225034	Sterling Payment Dynamics	43 Barnes Road, Watertown, CT	US
S1-140367159	Moreno's Publishing PLLC	609 Holmes Boulevard, York County, VA	US
S1-341634331	Finex Hospitality Group	Plot No 83, Sai Baba Nagar, Nagpur, Maharashtra	India
S1-117463135	Dnd Sea (India) Private Limited	Plot No. 5420, Near Water Tank Gidc, Sachin, Surat, Gujarat	India
S1-465977901	Kerasoft Capital Partners Group	5953 Herpa Drive, Tucson, AZ	US
S1-223424468	Royal Impex Private Limited	C/O Smt. Indra Jha, W/O- Ramanand Jha Near- Mamta Appt. Shivpuri, Shastri Naga, R, Patna, Bihar	India
S1-841014000	Sk Distributors Private Limited	112/2Sitanath Bose Lane, Salkia, Howrah, Howrah, Uluberia - I, West Bengal	India
S1-486698744	Verity Consultants Private Limited	Bhanu Nilayam, Plot No. 159, Phase-Iii Ida Cherlaplly, Hyderabad, Telangana	India
S1-420593437	Golden Business Partners	4555 Tonto Road, Unit 258, Eloy, AZ	US
S1-759562098	Ace Defense Laboratories LP	4541 86th Avenue, Fl 1, Olympia, WA	US
S1-993584073	Knowles Factory LLC	5516 Claudied Way, Elk Grove, CA	US
S1-214769948	Wildlife Federation VI Inc	58 Barberry Drive, Berea, OH	US
S1-993354558	Peak Logistics Technologies Inc.	Wilmington, 6904 River Road, NC	US
S1-467075248	Pune Bio Private Limited	Maharashtra, C3 Prathama Nagariprashant Society S.No128/2B/ 12 Sus Road Pashan, Pune	India
S1-165326442	Star Dynamic Engineering Private Limited	C/O. Karnataka Industries, Karnataka, #56 Nty Layout Mysore Rd., Bangalore South, Bangalore	India
S1-51755271	Premier Tri-State Tankers	119 Mountain Ivy Ln, Boone, NC	US
S1-817610164	Estele's Consultants	853 Trenton Place, Oro Valley, AZ	US
S1-480520887	Straight Edge Auto Body	14928 Fire Lane, Town Of Dairyland, WI	US
S1-417680292	Galaxy Future International Private Limited	Bhubaneswar, Khordha, Orissa, A/2 Bhagabanpurindustrial Estate Patrapara	India
S1-882578368	Community Desert Association LLC	2957 Sand Dollar Road, Bremerton, WA	US
S1-351020560	Grand Connecticut LLC	Calumet City, 351 Hoxie Avenue, IL	US
S1-550160523	N R Alexander Industries LLC	CT, 59 Somerset Drive, Windsor	US
S1-209045519	Vsg Scientific Private Limited	No.570/2, Saibaba Nagar, Thirumudivakkam, Sriperumbudur, Kanchipuram, Tamil Nadu	India
S1-329832157	Pediatric Medicine L.L.C.	110 Wild Basin Road, Austin, TX	US
S1-550452803	Webb, Thayer & Benavidez Inc	4448 Indian Valley Circle, Port Arthur, TX	US
S1-310098816	Golden Bistro	124 Dierdre Drive, Irondequoit, NY	US
S1-238342463	Pioneer Power Private Limited	D 149 Inudstrial Areaphase Vii Mohali Ropar, Punjab, Chandigarh, Punjab	India
S1-673386535	Maharshi Foods LLP	B 21 Akshar Industrial Park B/H Vshala Estate, Sp Ring Road, Odhav, Ahmedabad, Gujarat	India
S1-115112792	Milind Brothers Ltd	No.116/1, 6Th Flr, Fly Desk, Sri Theagaraya Road, Chennai, Tamil Nadu	India
S1-176171102	Gore Oneim, Inc	1704 Glacier Lane, Edmond, OK	US
S1-474218242	Automotive Ventures Pvt Ltd	C/O Shri Prabhakar Agre Ujwal Nagar Wardha Road Somalwada, Nagpur, Maharashtra	India
S1-704279297	Interstate College	Grapevine, 2035 Grant 19, AR	US
S1-621084024	Hadasar Industrial Estate Controls Pvt Ltd	Maharashtra, Hadasar Industrial Estate, 249, Pune	India
S1-973379710	Julita's Supply	864 Washington Avenue, Chestertown, MD	US
S1-83174673	Supreme It Private Limited	Office No S 07 82Haware, Centurion Plt88-91 Sec19A, Thane, Maharashtra	India
S1-184946528	DMW Express, Inc	837 Gehl Lane, Village Of Hilbert, WI	US
S1-996955099	Patana Power	S/O Sri Awadhesh Narain Singh F N 105 Verma Center Boring Rd Chouraha S K Puri, Patana, Patna, Bihar	India
S1-687244355	Ames Keen LLC	905 Steelhorse Drive, Fuquay-varina, NC	US
S1-999171472	Nizamabad Basera Company	H.No.5-6-372, Yellammagutta, Nizamabad, Telangana	India
S1-796127526	Kate Stoddard Genetics Care	604 Cassata Drive, Babylon, NY	US
S1-483338679	Railway Road Engineering LLP	Paras Dews, Sec 106 Dwarka Expressway, Gurgaon, Pds 11, Railway Road, Haryana	India
S1-425724717	Astron Opportunities Public Limited	#3566, Hal Ii Stage Indiranagar, Bengaluru, Bangalore, Karnataka	India
S1-341336691	Consultancy Classic Realty Private Limited	1303-B 13Th Floor Hemkunt Chamber 89 Nehru Place, New Delhi, South Delhi, Delhi	India
S1-839529323	Midwest Assets, Inc	18222 Stockton Springs Drive, Spring, TX	US
S1-806301921	2223 Park Avenue Company	Boston, MA, Unit 403, 123 Beach Street	US
S1-90517322	Gulf Trust	Cary, NC, 107 Grande Sky Court	US
S1-854928121	6-Legged Dog	Dallas, TX, 8929 Midway Road	US
S1-602754219	Aguilar Advertising Center	151 Shoreline Drive, Peters Township, PA	US
S1-764175750	Capital Tri-State Lafayette	406 E Breckinridge St, Louisville, KY	US
S1-679338222	Bhilwara Commercial Private Limited	Bhilwara, Rajasthan, Near Guruji Ki Hotel Pur Road	India
S1-995876592	Pediatric Physicians	7350 Tenefly Road, Unit Site 69, Pike, NY	US
S1-6835700	Sanjhi (india) Private Limited	Trust No 615/20/28/1-1, Az Gh Suurve, Bangalore North, Bangalore, Karnataka	India
S1-730729612	W L Selby Imperii	194 Office Street, Braidwood, IL	US
S1-162432183	Rozalin Andrews National Goldman Group	211 Harbor Glen Drive, Huntsville, AL	US
S1-350092923	Cardiology Metro Care Associates Inc	1138 Trimble Creek Drive, West Jordan City, UT	US
S1-491000076	Minerva Trading Private Limited	Plot No.49, Commercial Mandi Near Cat Square, Ring Road, Indore, Madhya Pradesh	India
S1-473559360	Bright Care Private Limited	401, Tambe Apartment, Dr. Ansari Road, Thane, Maharashtra	India
S1-458400679	Foods Stepin Services Private Limited	Plot No. 32, Sy. No. 12, Navodaya Co-Operative Housing Society, Road No. 14, Banjara Hills, Khairatabad, Hyderabad, Telangana	India
S1-354563783	Mohammed, Stites and Ohmer LLC	5321 Veronica Drive, Albuquerque, NM	US
S1-262944527	Services Satnam Technologies Private Limited	No.7, Ground Floor, Tst, Complex, Imperial Road, Cuddalore, Tamil Nadu	India
S1-48827288	116 Madison Properties	29651 181, Daphne, AL	US
S1-791642382	Yolanda Chaudhry All Krakacquisition LLC	10808 Massasoit Avenue, IL, Chicago Ridge	US
S1-20463005	East Mortgage Inc.	200 Cove Way, Unit 620, Quincy, MA	US
S1-757018393	OLN Anchor Green LLC	121 Red Tank Road, South Middleton Township, PA	US
S1-883994864	Addia Roque Southern	447 Saddleview Drive, White House, TN	US
S1-722038266	Dee Films Private Limited	1302, Tower-3, Indiabulls Finance Center Sb Marg, Elphinstone Road (West), Mumbai, Mumbai City, Maharashtra	India
S1-522693754	Digital Data Solutions LLC	100 Burning Hollow Drive, Chittenango, NY	US
S1-362852759	OD Total Bdc Inc	Four Oaks, NC, 2265 Joyner Bridge Road	US
S1-970131671	3520 Main Road Realty Inc	TX, 158 Simpson Lane, Somerset	US
S1-726216371	Royal (India) Consultancy Private Limited	D-424 New Sabzi Mandiazadpur, New Delhi, North Delhi, Delhi	India
S1-71298575	Dynamic Global Private Limited	306 Rajendra Apartments, 158 Beracah Road, Perambur Purasawalkam, Chennai, Tamil Nadu	India
S1-638055842	Ketech Inc	1310 Bagley Drive, Kokomo, IN	US
S1-467406102	Cooper Clean Calisa	911 5th Street, Chickasha, OK	US
S1-922323605	Curran Advisors Inc.	2309 Argillite Road, Flatwoods, KY	US
S1-889983416	Animal Welfare Premier Trust	1107 40th Street, Austin, TX	US
S1-646593915	Pediatric Coastal Medicine LLC	Lorain, OH, 4113 Riverside Drive	US
S1-435988542	Drayex Berto LLC	Montgomery Village, MD, 19821 Wheelwright Drive	US
S1-838536053	Chastity Gowans American Mission LLC	3321 307, La Vernia, TX	US
S1-532163063	Continental Payment Partners	324 Mac Donough Street, Brooklyn, NY	US
S1-111634315	George Innovative Group	2572 Duck Creek Road, Cincinnati, OH	US
S1-938338283	Rcj Chandra Pvt. Ltd.	A 19 Pratap Nagar, Post Manas Nagar, Lucknow, Uttar Pradesh	India
S1-986504865	Vanet Reit LLC	AL, 3291 Hillcrest Place, Adamsville	US
S1-309507079	Act Technologies Private Limited	313 B, 3Rd Floor, Okay Plus Square, Madhyam Marg, Mansarovar, Jaipur, Rajasthan	India
S1-429053654	Lattin Certified Starlink PLLC	16698 Multnomah Falls Drive, Happy Valley, OR	US
S1-741722864	Cindie's Painting	Haltom City, 5400 Sabelle Lane, TX	US
S1-4382837	Hagaman Economic Development Trust	80 Hagaman Avenue, NY, Hagaman	US
S1-786062389	Ear Nose & Throat Heritage Partners	156 Flat Shoals Avenue, Atlanta, GA	US
S1-155361550	B 4 Beacon Lng LLC	9673 Upton Road, Bloomington, MN	US
S1-556010371	Engineering Anil Trading Center	C-9, Maharani Bagh, New Delhi, Delhi	India
S1-732615079	Sonali Management Private Limited	Maharashtra, Thane, G-1, Kalyan, Bejod Niwas, Building No 03	India
S1-771822146	Jones's Tire Shop	KS, 4319 Oakleaf Drive, Topeka	US
S1-353067207	Lobato Capital	1343 Ferguson Court, Goldstream, AK	US
S1-724629239	Environmental Ministries Corp	2605 Anklam Road, Tucson, AZ	US
S1-117561122	Suman Technologies Limited	N-98-Bsouth Avenue Sainik Farm, New Delhi, South Delhi, Delhi	India
S1-11835792	Green Robotics International	11830 Kerr Parkway, Unit #393, Lake Oswego, OR	US
S1-596953606	Aqualine Foundation Pvt Ltd	H.No. 104, Street No. 1, Tagore Nagar, Bathinda, Bathinda, Punjab	India
S1-938784944	IJ Technologies Associates	Dr. Ambar Pare Naturopathy Centre, Village - Duliya, Harda, Madhya Pradesh	India
S1-605458817	Sree Investments Private Limited	3/54/C4, Pattavayal, Pattavayal Post, Moonnad 1, Pandalur, Gudalur, Nilgiris, Tamil Nadu	India
S1-359369117	Vanguard Mobility Alliance Inc	Big Pool, 10307 National Pike, MD	US
S1-598889000	Sree Ss Systems Private Limited	D. No. 127B/42, Majith Street, Pappireddipatti, Dharmapuri, Tamil Nadu	India
S1-116382291	Cilka R. Beltran, L.C.S.W., M.D., P.C.	VA, 336 Mt Laurel Drive, Bath County	US
S1-533869638	Emblem & Sons Private Limited	Site Two Km, Stone Takht Gussain, Sambhal, Moradabad, Uttar Pradesh	India
S1-455095147	Platinum Health Partners LLC	59 Cynthia Lane, Dennis, MA	US
S1-827751387	Tirupati Construction Private Limited	No. 334, 27Th Main, Hsr Sector-2, Bengaluru, Bangalore, Karnataka	India
S1-893828345	Patriot College	105 Hill Street, Unit Apt 4, Village Of Norwalk, WI	US
S1-907620713	Cedar Park, County Of	404 Trumpet Vine Trail, Cedar Park, TX	US
S1-267304008	QA Biotech Private Limited	Maharashtra, Shop No. -005 Raj Avenue, Taki Road Sarvodaya Vasah, Thane, Vasai	India
S1-459798887	Thompson and Ignacio Auto Repair Inc	1400 Dowell Springs Boulevard, TN, Unit 310, Knoxville	US
S1-310654343	Upper Optimal Materials LLC	1117 Ireland Drive, Village Of Waunakee, WI	US
S1-257849558	Clyora Mitsubishi LLC	1236 Fairway Ridge Drive, West Jefferson, NC	US
S1-923016720	Sunlord Agro LLP	Near Railway Stationwest Kasargod, Kasargod, Kasargode, Kerala	India
S1-934591912	Om Pioneer Industries Private Limited	P.No-2E, Kanchipuram, Tamil Nadu, Tambaram, Sabari Garden, Vengaivasal	India
S1-487364714	Runway Trading Pvt Ltd	Solaris I Sakivihar Road Powai, Mumbai, C-230, Maharashtra, Mumbai City, Mumbai	India
S1-364357198	ZY Chicago Inc	3615 Jackson Avenue, Corvallis, OR	US
S1-50432426	Leor LLC	2846 Northwood Pines Lane, Katy, TX	US
S1-146110036	Preferred Research LLC	1131 Hidden Ridge, Unit 3107, Irving, TX	US
S1-613551076	Gago Grupo Inc	303 Pitman Avenue, Wentzville, MO	US
S1-583474434	Reinhart Colonial Gravity, PC	825 Sumpter Street, Mexia, TX	US
S1-288151490	Mays Investments LLC	7506 Taylor Lane, Durham, OR	US
S1-383138553	Bright Bakery Inc	1104 Biemeret Street, City Of Green Bay, WI	US
S1-687785963	Back Alley Auto Body Co	9005 Dorrance Dr, Louisville, KY	US
S1-475000407	Solola Arrow LLC	9144 W H Burges Drive, City Of El Paso, TX	US
S1-923236940	Profound Security Private Limited	15/593 Z 79, 3Rd Floor Daliya Kpees Avenue, Uphill, Malappuram, Malappuram, Malapuram, Kerala	India
S1-526135639	Walters Preparatory Academy LLC	Asheboro, Unit 30A, NC, 731 Kivett Street	US
S1-467664334	Star Traders Private Limited	C-21 Basement, Right Side Panchsheel Vihar, Malviya Nagar, New Delhi, South Delhi, Delhi	India
S1-98028482	Aguayo Delta Charles	104-42 118 Street, South Richmond Hill, NY	US
S1-136915682	72 Hour Homecare	8725 209th Street, Unit Unit 216, Lakeville, MN	US
S1-227804582	Great Reliable Origin LLC	801 8th Avenue, Edmonds, WA	US
S1-90798720	Urgent Care Group Inc	10741 Plahm Court, Worth, IL	US
S1-221750485	Internal Medicine Regional Care, Inc	5408 Cinphany Court, High Ridge, MO	US
S1-186995534	Kira Dacosta Anchor Muniholdings Inc	1280 21st Street, Unit 306, Washington, DC	US
S1-24370948	Dorthy Moore Global Plus	214 Sugar Creek Road, Mocksville, NC	US
S1-292161145	Division of Transportation Clinic	TN, Bluff City, 369 Brown Street	US
S1-127870034	R D Docter Open PC	16063 Glenn Valley Drive, Athens, AL	US
S1-364067043	Allied Auto	Milan, 1084 Esther Lane, TN	US
S1-118788438	Womens Health Specialists of Chandler	510 Jentilly Lane, Fl 1, Chandler, AZ	US
S1-295398775	Olson & Rogers Inc	1129 22nd Street, Unit Apartment B13, Fargo, ND	US
S1-755368268	Starline Trading Limited	House No 6488 Shop No Pvt, Plot No D-16 Ground Floor, Delhi, North Delhi, Delhi	India
S1-527740911	Bright Electric PLLC	1644 Rosemont Drive, Baton Rouge City, LA	US
S1-43719843	Secure Digital Corporation	405 Mclemoresville Road, Huntingdon, TN	US
S1-425930217	Literacy League LLC	TX, Denver City, 215 Dogwood Street, Unit 215	US
S1-607490785	Mars Institute of Technology	Telangana, K.V.Rangareddy, Shamshabad, 2-55, Chinna Golkonda, Shamshabad, Kv Ranga Reddy	India
S1-867201196	Frannie Blake, D.O.	1021 Competition Avenue, Billings, MT	US
S1-498334083	Prois, Inc	1555 Ocotillo Road, Unit 8, Phoenix, AZ	US
S1-541434971	Relay Services Limited	No: 1666, 2Nd Floor, I Block, 6Th Avenue, Anna Nagar, Chennai, Tamil Nadu	India
S1-246320131	Vijay Infra Private Limited	Maharashtra, Mumbai, Nirmal 12 Floor B Wing Plot No 241 242 Backbay Reclamation Nariman Point, Mumbai	India
S1-292427747	Pediatric Physicians LLC	4075 Cortina Road, Lysander, NY	US
S1-869445737	Aditya Tech Private Limited	P-5, Mumbai, Studio Anjaneya, One Avighna Park, Mahadev Palav Marg, Parel, Maharashtra, Mumbai	India
S1-973156614	American Complete Aberdeen Inc	5209 Avalon Drive, Randolph, MA	US
S1-456113406	Fragoso Vista	105 Fourth Avenue, Unit 309, Murfreesboro, TN	US
S1-684192718	Cevernet Signature Marketing	1559 Hemlock Drive, Oak Harbor, WA	US
S1-986321350	Harsud Studio Pvt Ltd	Ashish Kumar Tamkhane C/O Gopal Prasad Tamkhane, Ward No. 10 Sadiyapani Naya Harsud, Harsud, East Nimar, Madhya Pradesh	India
S1-315540708	East Planet	5204 Meadow Vista Court, Flagstaff, AZ	US
S1-291689772	Crew Global	Shop No. 4, Vaternary Apaper Associtent, Gondhali Galli Beside Vetarnory Office, Belagavi Gondhali Galli Beside Vetarnory Office, Belgaum Csd-3, Belgaum, Karnataka	India
S1-45634403	West Integrated Generation Inc	4776 4865, Kearns, UT	US
S1-339804284	Foundation Odyssey Cable Ltd	Plot No - 17, At/Po - Sraniketa Daringbadi, Daringbadi, Kandhamal, Orissa	India
S1-805958157	Baba Logistics Private Limited	No.284, 2Nd Stage, 5Th Main Road Kodigehalli, B T Pura, Bengaluru, Bangalore, Karnataka	India
S1-708103865	Youth Center	3012 Amber Way, Schererville, IN	US
S1-331663247	Sree & Sons	A 03, Radhe Krishna Society, Kapodara Patiya Gidc, Ankleshwar, Bharuch, Gujarat	India
S1-830881839	Vaught Pioneer Magna LP	1383 Pine Court, Hempstead, NY	US
S1-700783903	Petronilla Shirkey United Floating	5295 Riverchase Drive, Phenix City, Bldg 5, AL	US
S1-205364225	Halsey & Coxon Inc.	401 215-N Spring Street, Springfield, IL	US
S1-211019453	Optima College Ltd	Tamil Nadu, Thoothukudi, 5A/526C, Thoothukudi, Cald Well Colony	India
S1-854572359	Mascot Krishna Private Limited	17, Thiruvarur, Ellaiyamman Sannathi, Street, Vijayapuram, Tamil Nadu, Tiruvarur	India
S1-374388852	Jalna Chem LLP	At H. No 211, Bhamberi Tq. Ambad S/Dn Dist Jalna, Jalna, Maharashtra	India
S1-93274488	Bay Guild VI, LLC	1550 Worcester Road, Unit 514, Framingham, MA	US
S1-182741988	P V & H Qdro Inc	540 Cabo Drive, Washington, NC	US
S1-135258602	O.D. Seelampur Gandhi Nagar Corporate Care	9/5184, O.D. Seelampur Gandhi Nagar, Delhi	India
S1-59090211	Classic Engineering Private Limited	42 Mahavir Ind Estateoff Andheri Kurla Road Sakinaka, Mumbai, Maharashtra	India
S1-961253382	Katharine's Green Software	1 Alpena Avenue, Woburn, MA	US
S1-202110692	Essex Sunrise	AR, 6196 Adam Drive, Jonesboro	US
S1-248844793	Trc Computers Private Limited	Malani House, Murtizapur, Akola, Maharashtra	India
S1-187183829	Marden, Espana and Guevara LLC	2505 Calverton Heights Avenue, Baltimore, MD	US
S1-224874371	Morissa's Gulf Couriers	2970 Military Avenue, Baxter Springs, KS	US
S1-506781089	Soleus Xrp LLC	18818 Charter Elm Drive, Hockley, TX	US
S1-771769774	Synder Big, Inc	454 Summerside Lane, Vinita, OK	US
S1-833347027	Sree Lakshmi Investments Private Limited	583 Nandan Nagar, Kolkata, North 24 Parganas, West Bengal	India
S1-794988193	Balrampur Travel Pvt. Ltd.	Mewalal Talab Balrampur, Balrampur, Uttar Pradesh	India
S1-54609128	Primary Care Group	3623 Amalga Street, Unit 12D, City And Borough Of Juneau, AK	US
S1-211861607	International Cloud Global LLC	300 Morton Avenue, Ripley, OK	US
S1-788130015	Lewis and Fink Dynamix LLC	29W 222 Andermann Drive, Naperville, IL	US
S1-194034086	Cabrera and Fleming	2656 Jasper Butte Drive, San Tan Valley, AZ	US
S1-321621403	Zephyr LLC	10243 Occidental Avenue, Seattle, WA	US
S1-242742457	Edeline's Pizza	371 Merrick Road, Unit Suite 302, Rockville Centre, NY	US
S1-279420771	Said Interests	5 Glen Street, Framingham, MA	US
S1-241504618	Young Optimal Strategy LLC	Sacramento, 127 Nedra Court, Unit APT 3, CA	US
S1-819204801	Pao Valley Toyo	134 Chownings Drive, Sanford, NC	US
S1-119542512	Capital Western, Inc	7408 Beacon Hill Lane, Unit 71, Charlotte, NC	US
S1-438969803	Ram Educational Society	9 Huda Mansion1St Floor Kolsa Street Paidhonie, Mumbai, Maharashtra	India
S1-1767816	Hung's Printing Group	4623 U Street, Fort Smith, AR	US
S1-90580079	SKE Education Private Limited	West Bengal, 46, Hooghly, Bireswar Banerjee Street Near Prantick Flat, Bhadrakali, Hooghly	India
S1-457139866	Global Machine Works Inc	8891 Moore Road, West Sparta, NY	US
S1-736967025	Dandy Alliancebernstein	18313 Winter Park Court, Gaithersburg, MD	US
S1-452952997	Elysia Mendoza Metro Dte	1574 Colony Road, Fl 0, Pasadena, MD	US
S1-342352922	Avila Medical Center	Ponca City, 201 8th Street, OK	US
S1-555777885	Ab Consultancyprivate Pvt. Ltd.	No.43 Ramaiah Layout, Lingarajpuram, Bangalore, Karnataka	India
S1-351786059	Gujarat Bright Technologies LLP	Gmcbl City Bus Depot Sector 52, 53 Near Rapid Metro Rail Depot Gurugram, Gurgaon, Haryana	India
S1-973016381	Deleon Clear Harmony Inc	3595 Valley View Boulevard, Williams, AZ	US
S1-574392977	Prime Fargo	100 Norwood Drive, Georgetown, TX	US
S1-703419778	Vision Partners PLLC	19331 Tobiano Park Drive, Tomball, TX	US
S1-779475274	Baba Technology	B-303, Gardenia, Tupe Nagar, Sade Satra Nali, Pune, Maharashtra	India
S1-770616001	Innovative Cloud Technologies LLC	1714 Jenkins Road, Pasadena, TX	US
S1-145973837	Indian Logistics Private Limited	10Th Floor, Mfar Building, Embassy Manyata Tech Park, Bangalore North, Bangalore, Karnataka	India
S1-847031300	Funidea & Associates	B-73, Old Plot No-73, Ground Floor, B-Block, Ganesh Nagar, Pandav Nagar Complex, East Delhi, Delhi	India
S1-153643245	Benigno Rocket LLC	680 Ohio Street, Van, TX	US
S1-975701799	Royal Investment Ventures Inc.	68 Woodruff Avenue, Brooklyn, NY	US
S1-635937094	Dynamic Producer Private Limited	10 Ground Floor Gautam Nagar, Delhi, South Delhi, Delhi	India
S1-715861982	KT Lab, LLC	354 6th Avenue, Guin, AL	US
S1-71113137	Schendel Commercial LLC	1312 Elmwood Avenue, Sioux Falls, SD	US
S1-505043115	Bright Asset LLC	1911 377, Acton, TX	US
S1-976014040	Ramchandra (India) Poultries Private Limited	D -2/125 Vibhooti Khand, Gomti Nagar, Lucknow, Uttar Pradesh	India
S1-189539466	Goble Enterprises LP	1008 3rd Street, Lincoln, IL	US
S1-631976101	Hotel Food Limited	92, G.I.D.C., Motipura, Himatnagar, Sabarkantha, Gujarat	India
S1-649711587	Delhi Games Private Limited	27, Akash Kunj Apartment Sector-9, Rohini, Delhi, Delhi, North West, Delhi	India
S1-589567362	Aguirre Evo Group	4949 Deer Trail, Prescott, AZ	US
S1-782734433	Tirupati Solutions LLP	Thane, 1103 A-Tower, Maharashtra, 1St Podium, Samriddhi (S), Indralok, Thane	India
S1-353304745	Clean Quartzsea LLC	3120 Xyler Street, Tulsa, OK	US
S1-609730619	Neelam Service Public Limited	C/O Rajashri Ravindra, Patil At Post New Pargaon, Shirol, Kolhapur, Maharashtra	India
S1-671346366	Tatiana Bingham Kpet	1275 R Capitol Avenue, Unit R, Atlanta, GA	US
S1-797867531	Blue Builders LLP	S. No. 3349, Ground Floor, Peepal Mahadev, Hauz Kazi, Near Chawdi Bazar Metro Stati, On, Delhi, North Delhi, Delhi	India
S1-844099287	Unified Semiconductor Holdings Inc.	503 Lakeside Way, Mattawa, WA	US
S1-103833541	Innovative Builders Limited	323, 3Rd Floor, Panchratna, Opera House, Mumbai, Mumbai City, Maharashtra	India
S1-184295033	Chiropractic Care Associates Care	2405 Morning Glory Court, Crown Point, IN	US
S1-446003805	Damani & Sons Ltd	1697, Hsiidc Rai Sector-38, Sonepat, Haryana	India
S1-812005357	Western Value Beyond, Inc	306 Locust Street, Palmyra, IL	US
S1-870178913	Urban International School	Sf-03, 2Nd Floor, Southern Park, Plot No.D-2, District Centre, Saket, New Delhi, Delhi	India
S1-624454018	Classical Wellness Private Limited	C-4/33, Kh No.-626, Gali No.-4 Sudamapuri Extn., Delhi, East Delhi, Delhi	India
S1-461757195	Tri-State Newbury Group	1021 Amity Road, Bethany, CT	US
S1-36433671	Bureau of Buildings	3063 Main Street, Custer, WA	US
S1-832510677	Continental Trading L.L.C.	2001 Little Mountain Road, Alexis, NC	US
S1-241175370	Bombay Media	Shop No. 2 & 3, Mulund (West), Mumbai, Zaver Arcade, Sewaram Lalwani Road, Maharashtra	India
S1-870558044	Infinix Ites Private Limited	C/O Kalyani Devi, H.No. 1, Road No. 7, North Jai Prakash Nagar, Po- Ashiana, Patna, Bihar	India
S1-606348427	First Presbyterian Church LP	1685 1071, Tyner, KY	US
S1-833338175	Ynes Fox Mountain Wholesale	1665 Brampton Way, Unit 210, Salt Lake City, UT	US
S1-439452492	High Shakti Healthcare Private Limited	House No. 349 Ground Floor, Block-C, Sec-1 Landmark Near Durga Mata Mandir, Avantik, A, Rohini, West Delhi, Delhi	India
S1-108690362	Boinchi Andconsultancy Ltd	R/O C/O Laxman Mandi, Dharampukurpara, Bhonpur, Boinchi, Hooghly, West Bengal	India
S1-744937610	Surjit Technologies Pvt. Ltd.	B-226, Street No.-11 Bhajanpura, Delhi, North East, Delhi	India
S1-716717325	My Construction Private Limited	H. No 1-1-742/3, G1, Pet Residency Narmada Nursing Home Line, Gandhi Nagar, Hyderabad, Telangana	India
S1-671965541	Preferred Consultants Inc	684 Foothill Boulevard, Rialto, CA	US
S1-854483132	Great Council Corp	123 Hampton Court, Jacksonville, NC	US
S1-20062520	Magruder Prairie Services Group	TX, Magnolia, 30124 Nichols Sawmill Road	US
S1-408908283	Chin Certified Dynamic LLC	602 Pasadena Boulevard, Toledo, OH	US
S1-458940609	Dew and Mendoza Pro L.L.C.	221 Vine Street, MA, Everett, Unit 2	US
S1-538256077	WW Quality Biotechnology	1511 Dry Fork Road, Ashland City, TN	US
S1-517882840	Pediatric Specialists P.C.	3780 Rocky River Road, Charlotte, NC	US
S1-722369848	Ujjaora Finance Pvt Ltd	325 Laxmikrupa Odhav Chs Ltd Arbudanagar Nr Chhaganbhai-S Well Odhav, Ahmedabad, Gujarat	India
S1-586055609	International Technologies LLP	601 Jolly Bhavan No 251New Marine Lines, Mumbai, Maharashtra	India
S1-202471346	Odum Industries	8939 G Avenue, Unit UNIT 72, Hesperia, CA	US
S1-196405501	Total Printing Digital PLLC	31 Creamery Street, Lincoln, VT	US
S1-922605267	Mccoy Iron	29 Strong Street, Easthampton, MA	US
S1-329585751	Future Global Estate Limited	Munni Street Amroha Gate Moradabad In, Moradabad, Uttar Pradesh	India
S1-134755367	Om Consultancy Pvt Ltd	23 G Floor, World Trade Centre, Barakhamba Avenue, Connaught Place, New Delhi, Central Delhi, Delhi	India
S1-913512346	Orthopedic Clinic	216 Valley, Bloomfield, NM	US
S1-609804930	Tulsa Professionals Private Limited	C-3/6, Sch-7 Shastri Nagar, Meerut, Uttar Pradesh	India
S1-541774749	Yoke Technologies Private Limited	C/O Late Sadhu Charan, Bankatwa, Gorakhpur, Gorakhpur, Uttar Pradesh	India
S1-780699964	Walton Liberty Eureka	929 Oak Park Avenue, Oak Park, IL	US
S1-334688849	Smart Vista Inc	1063 Fairmount Avenue, Baltimore, MD	US
S1-922424895	Nck Consultants Private Limited	Rzf 734/B, Plot No-2, Kh. No. 47/12/2 F/F Raj Nagar Part-2, Palam Colony, New Delhi, South West Delhi, Delhi	India
S1-926912238	Pioneer Estate Private Limited	59 A/2, Kalu Sarai, New Delhi, South West Delhi, Delhi	India
S1-980477246	Jere Mohr Floating Inc	646 Kara Court, Lebanon, IN	US
S1-96367565	Basaify LLC	626 Dianne Street, Hempstead, NY	US
S1-110087772	Tactical Services (India) Limited	C/O Khalif Mohammd Soyat Road Susner, Agar, Susner, Shajapur, Madhya Pradesh	India
S1-717100245	Vision Vijay Developers Private Limited	Officeofthe Itschool Project, Scertbuilding, Poojapura, Thiruvananthapurarn, Thiruvananthapuram, Trivandrum, Kerala	India
S1-812356857	Honeywell Creations Company	Chennai, Tamil Nadu, No 21, Mathi Tower Vasu Street, Kilpauk, Chennai	India
S1-63373412	Domaia Corp	10290 Galena Road, Yorkville, IL	US
S1-22043573	Valley Devices LLC	116 Kennedy Ridge Way, Unit 312, Mooresville, NC	US
S1-899683274	Vasoft	15218 Eagle Chase Drive, Draper City (utah Co), UT	US
S1-548679969	Gonzalez, Rosa and Parise	3236 -300 Silver Sands Circle, Virginia Beach City, VA	US
S1-111904740	Jones Citizens LLC	9521 Gooden Drive, Fayetteville, NC	US
S1-236867252	Burkett Academy	10611 Pommel Lane, Richmond, TX	US
S1-778084609	FF Mountain Old	7053 Mc Intosh Lane, Unit APT 1A, Indianapolis, IN	US
S1-747592738	Khichripur Bay Private Limited	8/439-440 Ii Floor, Khichripur, East Delhi, Delhi	India
S1-583929949	Eastern Investment LLP	C/O Pramod Kumar Dubey, Village Baragaon, Pindra, Varanasi, Uttar Pradesh	India
S1-975571827	Synon LLC	Greenwood, IN, 1594 Meridian Street	US
S1-595652306	Indo Hospitality Private Limited	Flat No. B-25, Ui Cghs, Mayur Vihar, East Delhi, Delhi	India
S1-92767508	Do Jewels Pvt Ltd	11, 11Th Floor, Meter Cabin 4, Sureshwari Ent Cts 1599, Eksar Village, Link Road, Bori, Vali West, Mumbai, Bandra Suburban, Maharashtra	India
S1-917937383	Oyster Marketing Private Limited	S.No 46/C, H.No. 1/2, Gala No. 112, Jrt Ind. Etat Vasai Palghar Vasai-Virar City, Vasai, Thane, Maharashtra	India
S1-546200246	Emilia Sterne Liberty Boral LLC	240 1st Street, Luverne, AL	US
S1-673757298	Jain Logistics Pvt Ltd	C - 5A, Bjb Nagar Bhubaneswar, Bhubaneswar, Khordha, Orissa	India
S1-510453317	Precision Cargo Concepts Inc	473 Smith Mill Road, Fayetteville, TN	US
S1-513513146	Delta Madison	AZ, Goodyear, Unit 1077, 15455 Lower Buckeye Parkway	US
S1-527140852	American Committee	1701 Audubon Avenue, Rochester, IN	US
S1-750076629	Hall, Smith & Delacruz	733 Watervliet Shaker Road, Colonie, NY	US
S1-439753246	Shiv Paint Pvt. Ltd.	Flat No C 303 Jai Galaxy Appartment Kodigehalli Main Road Bangalore, Bangalore, Karnataka	India
S1-239695750	Alpha Foods Private Limited	Delhi, 9Th Floor, Vegas Office Tower, Block B, Plot No. 6, Sector 14 (North), Dwarka, South West Delhi, New Delhi, Unit No. 966-974	India
S1-702412196	Clary Towsley Innovative LLC	7980 Nelson Road, Millington, TN	US
S1-683477702	Flor Norris Third Inc	TX, 905 Bird's Fort Trail, Arlington	US
S1-859707011	Ferreon Services LLC	760 Tower Avenue, WI, Village Of Turtle Lake	US
S1-12554179	Poppy Public School	Cmc-4-1804, Gh-01/A, Supertech Capetown, Sec-74, Noida, Gautam Buddha Nagar, Uttar Pradesh	India
S1-226334283	JD Logistics Private Limited	Shri Balaji Nivas, Mahishi Road, Bagalkot, Dharwad, Dharwad, Dharwar, Karnataka	India
S1-378636967	East Energy Private Limited	401A/11 Dhand Road, Dhandrood, Kaithal, Haryana	India
S1-63028764	Urgent Care Direct Health	ME, 65 Agamenticus Avenue, York	US
S1-839598738	Digital & Partners	C/O Vikram Singh, Mohammadpur Gaunti, Fatehpur, Uttar Pradesh	India
S1-445634978	Womens Health Rocky Care Associates Inc	38641 Shilling Drive, Scio, OR	US
S1-96012565	My Guru Products Private Limited	Building No 18, Flat No 3, Rakshak Nagar, Phase No 1, Pune City, Pune, Maharashtra	India
S1-833296973	Super Enterprises Private Limited	Bhopal, Madhya Pradesh, Huzur, Sector D, Industrial Area, Govindpura, Plot No. 6 & 7	India
S1-573209868	Olsen, Thompson & Abreu Co	15111 Chronicle Road, Mead, WA	US
S1-791691316	Eastern Marketing Private Limited	Sco - 29 1St Floor Mugal Canal Above Canara Bank, Karnal, Haryana	India
S1-805804554	Apex Robotics Services	Unit Apt 168, AR, West Memphis, 3992 Service Road	US
S1-335115203	Ndse Ii Constructions Private Limited	D-10, Third Floor, Ndse Ii, New Delhi, Delhi	India
S1-804363813	Valley Institute of Technology	4378 Bella Vista Road, San Tan Valley, AZ	US
S1-704623918	Held, Franze & Reynolds Lending Inc	771 Harvest Pointe Drive, Fort Mill, SC	US
S1-615885451	Srujan Plasma (India) LLP	Jaipur, Jagatpura, Rajasthan, C-502 Mahima'S Panorama Near Srn International School	India
S1-259471284	UI Bny	43 Windmill Lane, Clarkstown, NY	US
S1-900724854	Nr Estates Private Limited	77 Basundhara Colony Tonk Road, Jaipur, Rajasthan	India
S1-53187331	Doo Holdings	46 Wolverine Street, Staten Island, NY	US
S1-571004885	Gujarat Enterprises Private Limited	Vardhman Plaza Lsc Sector 6, Dwarka, Plot No. 8 F/F, Delhi, New Delhi, South West Delhi	India
S1-966517733	Rodriguez Better Group	3971 Rebel Road, Linden, NC	US
S1-709855299	Doralyn Frankel Siddhi, Inc	742 Grant Avenue, Springfield, MO	US
S1-565779151	Cozy Bike Shop	3300 Southern Oaks Drive, Bloomington, IN	US
S1-482034750	Leo Global LLC	26941 Locust Grove Road, Creola, OH	US
S1-161687595	Victoria's Pizza	6 Somerset Place, Collinsville, IL	US
S1-625395590	Surgical Heartland Physicians Inc	1317 Arbor Lane, Palatine, IL	US
S1-895505337	Silver Hypnosis Corp	Unit 3, Salem, MA, 13 Lemon Street	US
S1-777527675	Janet Knauer Ramaco PC	1785 Central Avenue, Unit Unit 1, Colonie, NY	US
S1-242916752	Grace Church	1929 Roosevelt Avenue, Indianapolis, IN	US
S1-150579702	Shiv Arihant Trading Private Limited	1St Floor, 1/264 Housing Board, Sriganganagar, Rajasthan, Ganganagar	India
S1-815513171	Tais Trust LP	4 Park Drive, Unit Apartment 103, Pleasant Valley, NY	US
S1-894111627	Dawn Industries Group Private Limited	D No 1-175, Vittamrajupalle Village Vinukonda Mandal, Guntur, Andhra Pradesh	India
S1-899130371	United Boards Limited	801 Swapnapurti, Jeevansheela Chs Ltd, Joggers Park, Government Colony, Mumbai, Maharashtra	India
S1-310864026	Tataum Corp	4202 8, Fl 1, Lexington, NC	US
S1-703782232	Creative Inc	265 Blake Street, Unit Unit 23, New Haven, CT	US
S1-296459339	Modern Flaherty	3006 Mesquite Drive, Sugar Land, TX	US
S1-267297383	Guru Constructions Private Limited	05-055/49/C/Nr, Ramireddy Nagar-W4, Jeedimetla Village, Quthbullahpur Mandal, Tirumalagiri, Hyderabad, Telangana	India
S1-771902925	South Systems Private Limited	Maharashtra, Pune, H. 4, Pl. No. 63, Sec.16, Pcndta, Pune City, Vishwas Garden	India
S1-210184784	Kelly, Gauger & Kubat LLC	1734 Spring Lane, Osage Beach, MO	US
S1-845956965	Mackie & Jimenez Inc	Wilmington, 15 Pennewell Drive, DE	US
S1-177091158	Rio Sachem, LLC	448 19th Avenue, Unit Unit F, West Fargo, ND	US
S1-656306954	Rivera Colonial Standard LLC	469 Chicago Avenue, Chicago, IL	US
S1-686503567	Jeri Kleinschmidt Liberty Care	60 King Philip Road, Brewster, MA	US
S1-341729858	Kolkata Allied Private Limited	No. 240 Jessore Road, Lp-3/80/1, Kolkata, Kolkata, Howrah, West Bengal	India
S1-665522603	Achyut Colonisers Pvt Ltd	House No 4/82 Madanlal Bohara Kapad Market Ichalkaranji, Ichalkaranji, Kolhapur, Maharashtra	India
S1-362035904	Asset Building Program	2322 Lustre, Tucson, AZ	US
S1-299818545	Sherye Craven Krakacquisition	2080 Missouri Loop, ND, Mandan	US
S1-742815487	Uptown Bakery	490 Alabama Street, Unit UNIT 103, Redlands, CA	US
S1-19126470	Hendrix Innovative Seafood Inc	German Flatts, 454 Casey Road, NY	US
S1-106693643	Liberty Institute of Technology	2023 Baja Circle, Los Fresnos, TX	US
S1-922295454	Interstate Semiconductor Solutions LLC	4933 Amberwell Place, Henrico County, VA	US
S1-531990688	1 800 Flowers	1003 4390 Road, Swink, OK	US
S1-46329934	Sarasva India Limited	9/1/3 Kasundia 2Nd Bye Lane Lp-224/24/1, Santragachi, Howrah, West Bengal	India
S1-416029304	Smart Management Private Limited	C-15-E Mig Flat, Maya Puri, New Delhi, Delhi	India
S1-219279789	Mount Synagogue	11491 Reagan Drive, Fishers, IN	US
S1-431348789	Cancer Ministries	161 Orchard Place, Unit Apartment 2, Lackawanna, NY	US
S1-438575260	Pacific Center	3253 152nd Street, Seatac, WA	US
S1-881168303	SY Hyperliquid LLC	6250 Little Ox Road, Fairfax County, VA	US
S1-640240542	Hussain, Carter and Goodwin	Village Of Redgranite, WI, 605 Hall Street	US
S1-301034511	Preferred Fresenius LLC	1819 Osage Street, Independence, MO	US
S1-940400710	Cascade Association Partners	5643 Grand Floral Boulevard, Houston, TX	US
S1-251327400	Rosiles Interstate Armour	5401 Bus Hwy 83, Unit UNIT 316, Harlingen, TX	US
S1-665225603	Kolkata Metal Private Limited	Howrah, Kolkata, West Bengal, Sir Hariram Goenka Street, Kolkata, 51B	India
S1-107507553	Birch LLC	16844 Cedar Key Avenue, St. George City, LA	US
S1-228487234	Bonheur Nursing Home	7/150 101Th Street 15Th, Sector, Chennai City Corporation, Chennai, Tamil Nadu	India
S1-884074524	Davies Preparatory Academy	18607 Shadowridge Terrace, Olney, MD	US
S1-716628232	Bright Energy Private Limited	Maharashtra, Thane, 302, W), Villa Grand, Hiranandani Estate, Patlipada, Off. Ghodbunder Road, Thane (	India
S1-218794919	Delta Safe Eastern Inc	7143 176, Drakesboro, KY	US
S1-226753227	Urgent Care Medicine Inc	3936 Johnson Place, Scio, NY	US
S1-746239019	Lucky Tavern	4804 Shore Drive, Mchenry, IL	US
S1-136815599	Nesta's Graphics Inc	424 Queen Street, Portsmouth City, VA	US
S1-952292078	Allissa Epps, D.D.S. Center	7744 Allen Street, Midvale, UT	US
S1-318732822	Supreme Foods Private Limited	F No. 928 Tf/B, Pratibha, Apartment, Sujata Nagar, Nagpur, Maharashtra	India
S1-928104330	Cardiology Care Associates	1809 25th Street, Newport News City, VA	US
S1-290466869	Tigadi Farming	Belgaum, Bailhongal Taluk, C/O. K. H. Kulkarni M.N. Savalagimath, Karnataka, Tigadi	India
S1-554451908	Williams Dragon of Jacksonville	201 Hartford Lane, NC, Jacksonville	US
S1-941246380	Wilmington Pediatric Dentistry Federal Care Associates	27 Meadow View Road, Wilmington, VT	US
S1-186030942	Silver Trading Private Limited	3 Rd-Fr;Fl-F, 17K/18 Dakshindari Road, Patipukur, North 24 Parganas, West Bengal	India
S1-384867062	My Healthcare Private Limited	Room No: Xxi/610, Chalakudy Muncipality Chungath Builders And Developers Pvt Ltd, Chalakudy, Thrissur, Kerala	India
S1-438092843	Global Creative Energy Private Limited	Near Jama Maszid, Pachhim Darwaza, P.S. Khajekala, Patna City, Patna., Bihar	India
S1-668337052	Jsm Products Private Limited	No 7, 3Rd Floor, 80 Ft Road, Bangalore South, Bangalore, Karnataka	India
S1-916850494	Walker Better Bnb Inc	121-32 236 Street, Rosedale, NY	US
S1-686363497	Ganganth Energy Private Limited	H. No. 4, Second Floor Road No. 12, East Punjabi Bagh, Delhi, New Delhi, Delhi	India
S1-315893996	Anand Alpha Industries Limited	C/O Sushil Suryawanshi Netaji Nagar, Behind Zilla Parishad, Latur, Maharashtra	India
S1-781441783	Crowley Alliance	640 State Street, Lovington, IL	US
S1-902499126	Jai Memorial Trust	Pune, Maharashtra, Shruti Enclave, S. No. 38/3, Nr. Celina Rahatani, Flat 4, Pune	India
S1-199335168	Agro Products	Plot No. X-0037, Ansal Sushant City-Ii Block-X, Village- Manchwa, Kalwad Road, Jaipur, Rajasthan	India
S1-981593689	Tirupati Technology Private Limited	1901, Delphi Towers, 19Th Floor, Raheja Garden, Thane, Maharashtra	India
S1-67567894	Department of Finance	22 Front Street, Van Etten, NY	US
S1-341420748	Delta Capital LLC	3341 Tara Boulevard, Clarksville, TN	US
S1-84398314	Jay Infotech Private Limited	Flat - 4B, Priyadeep Apt., Nabapally Cirular Road, Bodai, North 24 Parganas, West Bengal	India
S1-92768389	Piedmont Dental	2420 2nd Avenue, Grand Forks, ND	US
S1-807291210	Pacific Trading LLP	68-5-1, Gandhipuram -4 Lalacheruvu, Rajahmundry, East Godavari, Andhra Pradesh	India
S1-468849574	Stewart International PLLC	213 Dahlia Street, Fairfield, CA	US
S1-488909930	Maa Udyog Private Limited	Flat No. 2023, Sector D, Pkt 1, Vasant Kunj, New Delhi, Delhi	India
S1-909153771	Internal Medicine Green Center	5126 Lyptus Lane, Klamath Falls, OR	US
S1-798867382	Division of Parks and Recreation Franklin	188 Chapel Hill Drive, Franklin, NC	US
S1-492640883	Pkr Services (India) Group	102 Straft Luxuria Opp Saurabh Garden Nr Vijay Char Rasta, Gujarat, Ahmedabad	India
S1-646912969	Sheets Nmp Inc	3815 Bandera Drive, Laredo, TX	US
S1-331452988	Valley Sab LLC	3043 Chesterfield Avenue, Baltimore, MD	US
S1-325381416	Royal Food Private Limited	New Delhi, West Delhi, Tilak Nagar, Gali No., 5, S-4/110 Old No Wz143A/13 Plot No. 55 Old Mahavir Nagar, Delhi	India
S1-928294154	Alfreda Wheat Great Productions Inc	10207 Greenside Drive, Cockeysville, MD	US
S1-451766272	Deepkiran Contracting Pvt. Ltd.	P. No. 12, Gut No 45, Anand Nagar, Padegaon, Aurangabad, Maharashtra	India
S1-166944285	Bharat Foods Private Limited	3/581, Singaravelar, 1St Cross St, Neelankarai, Kancheepuram, Kanchipuram, Tamil Nadu	India
S1-469770655	Brown Golden Insight	2914 16th Street, Omaha, NE	US
S1-285985188	Ss Consulting Private Limited	2/83/A, Rabindra Nagar Rabindra Nagar, Kolkata, Kolkata, Howrah, West Bengal	India
S1-988251341	YZL Software Pvt. Ltd.	Malegaon, S No 199/1, 2/5 Gala No 04 Nr Sundara Palace Saikrupa Trade Center, Maharashtra, Nashik	India
S1-144150687	@ Home 1 U LLC	416 Spickard Court, Nashville, TN	US
S1-732648071	Tommie Henze, CPA, DDS PC	160 Cedar Wood Avenue, Branson, MO	US
S1-307144577	Great Impex Pvt Ltd	Makan No 4 Pumarth Bliss, 1 Mangliya Sulakhedi, Indore, Madhya Pradesh	India
S1-801017797	Innovative Environmental Networks LLC	874 40th Avenue, Goodview, MN	US
S1-710077447	Transcontinental Trading Solutions LLC	9 Old Stonehouse Road, PA, Silver Spring Township	US
S1-239678367	Patriot Aviation LLC	2323 Cedar Bayou Lynchburg Road, Baytown, TX	US
S1-489410250	Clean Bright Hotels Inc	530 Main Street, Harrisonburg City, VA	US
S1-208918727	Silver Solutions Limited	Shop No 2Plot No 2 Ground Floor Kamrvddin Nagar, New Delhi, North Delhi, Delhi	India
S1-279139618	Golden Cleaning Service	123 Main Street, Shoshoni, WY	US
S1-621586604	Gulf Center	33 French Terrace, Weaverville, NC	US
S1-747835930	Silcott Heartland Security	20 Silver Gate Court, Perry Hall, MD	US
S1-582180413	2237 Mountain View Court Owners Corp LLC	357 Oak Street, Marion, OH	US
S1-5539917	Gulf Custom Athena LLC	OR, Unit #H, Lake Oswego, 4909 Parkview Drive	US
S1-444787807	Gujarat Systems Pvt Ltd	Plot - A/3, Green Park, Jagamohan Nagar, Jagamara, Bhubaneswar, Khordha, Orissa	India
S1-238060131	Malone's Technologies	23 Flora Way, Normal, IL	US
S1-233851919	Gennie Jackson Specialists Inc	6612 Agate Road, Shelton, WA	US
S1-656576533	Mcmann Corporation P.C.	3224 Port Royale Lane, Phoenix, AZ	US
S1-135950212	Punjab Welfare Pvt Ltd	Gill Roadmillergang Ludhiana, Punjab, Ludhiana, Punjab	India
S1-236241107	Great Industries Private Limited	A-81, Subhash Nagar Shopping Center Shastri Nagar, Jaipur, Rajasthan	India
S1-296422967	Mercado Averin, LLC	Murphysboro, IL, 520 17th Street	US
S1-248776267	Behavioral Health Care Associates of Dunlap	1309 Old Union Road, Dunlap, TN	US
S1-493885142	Pinnacle LLC	181 Hyndman View Drive, Hailey, ID	US
S1-461739450	Lakshmi Healthcare Private Limited	Sreerangamtempleroad, Aluva, Ernakulam, Kerala	India
S1-217452158	My Industries Private Limited	4/608, Gorantla Village, Gorantla, Anantapur, Andhra Pradesh	India
S1-841892817	Herrera Platinum Research	107 Ocala Court, Cary, NC	US
S1-719711388	Obsidian Utility LLC	11578 Laguna Street, CA, Adelanto	US
S1-621252369	Garner and Palacios Vernal-Fargo	137 E Prairiewood Drive, Unit Apartment 205, Fargo, ND	US
S1-661390450	Silver Pizza! LLC	328 Childs Avenue, Ogden City, UT	US
S1-965837918	Mahi & Co	3-4 Mehta Housed P Wadi Gholapdeo Byculla, Mumbai, Mumbai City, Maharashtra	India
S1-6453332	Greenwood Keystone Electric LLC	2423 Coker Street, Greenwood, AR	US
S1-827986456	Murliwala International School Limited	27 New G T Road, Ground Floor Uttarpara, Hooghly, West Bengal	India
S1-587144744	Pragati & Associates Corporation	C/O, Hooghly, West Bengal, Serampore, Md. Ali Molla, Vill-, P.O.- Elahipur, Dist: Hoo	India
S1-190133982	MS Consultancy Corp	Shymala Appts 1St Floor Flat No. 4 Opp Ratna Hospital Sb Road In Haveli, Pune, Maharashtra	India
S1-523071363	Northern Bitwise LLC	AR, Rogers, 8010 Tanglewood Road	US
S1-225183773	JJ Fact LLC	IL, Wadsworth, 15280 Wadsworth Road	US
S1-837533083	Lewis Ribbon LLC	2724 Alameda Drive, Virginia Beach City, VA	US
S1-563327219	Kameko's Partners	1261 Cornell Avenue, Unit UNIT A, Redlands, CA	US
S1-865177426	Chiropractic Specialists	Brainerd, 508 7th Street, MN	US
S1-934136398	Atlantic Wireless Associates, LLC	TX, Dallas, 3130 Darvany Drive	US
S1-655006764	Fresh Two, Inc	2958 Sir Ian Blake Drive, Conroe, TX	US
S1-29400447	Casper Companies LLC	349 Briar Brae Road, Stamford, CT	US
S1-34069703	New Enterprises Private Limited	Atthanur, S.F.No.62/1, Atthanur - Post, Tamil Nadu, Salem Main Road, Atthanur - Village	India
S1-243178390	Ulike Greentech Pvt Ltd	10-1064-Z-29-A, S R Nagar Revenue Ward-10, Markapur, Prakasam, Andhra Pradesh	India
S1-435516467	Four Exports Limited	Tamil Nadu, Site No. 33, Coimbatore, Coimbatore South, Shobha, West Hill, Sf No. 48	India
S1-450670157	Kanishka Combines Private Limited	Gurgaon, 5Th Floor, Vipul Trade Centre Sector-48, Sohna Road, Haryana, Gurgaon, 528	India
S1-492670902	Piedmont Mission	8711 Red Heron Lane, Missouri City, TX	US
S1-87771825	Urban Projects Private Limited	# 1143, Indian Overseas Bank Building Beml Layout, 3Rd Stage, Rajarajeshwari N, Agar, Bangalore, Karnataka	India
S1-309269701	Best Interstate Duke Inc	Galena, 659 Declan Avenue, OH	US
S1-681186619	Pv Innovation Limited	Plot No.87, 1St Floor, 4Th Cross, Street, Thirumalai Nagar, Saidapet, Kanchipuram, Tamil Nadu	India
S1-833267150	Davis & Adams Corp	Columbus, OH, 2734 Wallcrest Boulevard	US
S1-472472164	Janessa Phelps Public	31144 99e, Shedd, OR	US
S1-215805734	Bonzer Law Chambers	110, Gh-12, Sector 21 D, Lalleshwari Vatika, Faridabad, Haryana	India
S1-662836843	United Finance Private Limited	Flat No. 405, 4Th Floor Prashant Chhaya Apt. B Wing, Diva District Thane, Thane, Maharashtra	India
S1-479053141	Clemons, Shearer and Green Manufacturing LLC	Liverpool, 314 Sycamore Street, NY, Unit Apartment B	US
S1-724565948	Mova	1315 Adams Street, Unit 303, Nashville, TN	US
S1-171874760	Bhishma Mercantile Private Limited	Door No 11/797-A, 11/797-B Vattamkulam Panchayath Sukapuram Edappal P O, Malappuram District, Malappuram, Malapuram, Kerala	India
S1-290028383	Keziah's Physical Therapy	5105 Indianola Avenue, Edina, MN	US
S1-160994444	Tech Marketing Pvt Ltd	Flat No-8, Ground Floor, Blockb, Ddaflatligpocket-C, New Delhi, South Delhi, Delhi	India
S1-701784304	Suryansh Lounge Private Limited	Flat No. 8, Sr.No. 223/A/1, Pl No. 83-85/A-B Madhav Residency, Vanashree Colony - 422, 010, Nashik, Maharashtra	India
S1-557851921	Skills & Brothers Private Limited	A/01, Sh 5 Mini Market, Chs Ltd A-Wing, Ground Bp, Thane, Maharashtra	India
S1-916203756	Ace Transit Systems LLC	130 Rebecca Hammond Court, Fl 0, Brooklyn, MD	US
S1-194843409	Nesoft	215 Ottaviano Way, Hutto, TX	US
S1-987656115	Jenkins Family Office LLC	5208 Lynn Road, Bartlesville, OK	US
S1-825809628	Rivet Industries	Kohinoor, 54/2967-C1 Remple Road, Elamkulam, Kadavanthra P O, Kochi, Ernakulam, Kerala	India
S1-183645812	Black Care Pvt Ltd	3-A, Nagadenahalli, Kasaba, Dod Ballapur, Bangalore Rural, Karnataka	India
S1-93639102	Physical Therapy Care	Mobile, AL, 5606 90	US
S1-982570774	Vergara Federal Clean	1297 Schodack Valley Road, Schodack, NY	US
S1-607640997	City Hospitality Private Limited	Haryana, Ambala, Ambala City, First Floor, 74/8, 9-C, Jasmeet Nagar	India
S1-663319003	Internal Medicine Associates Inc	4900 Scarsdale Drive, Austin, TX	US
S1-309987391	Strategic Scuti	24 Garfield Place, Brooklyn, NY	US
S1-227323475	Best Mobility Global	4926 Discovery Ridge Court, Silverdale, WA	US
S1-58891360	Gmp Gallery Private Limited	B-1, Flat No. 1904, Opal, Yogodham, Phase-3, Gaurip, Kalyan, Thane, Maharashtra	India
S1-8525827	OE Rexford, LLC	540 Darlington Trail, Fort Worth, TX	US
S1-6075029	Keston Distribution	Unit 305, Nashville, 814 Church Street, TN	US
S1-802774673	Legacy Starry LLC	300 Water Street, Unit 365, Mobile, AL	US
S1-676915834	Flint Chain	51573 Ehley Street, OH, East Palestine	US
S1-26725411	Denava Express Development	75 Carousel Lane, Springville, AL	US
S1-314890262	Georgianne Brumfield Supreme Iii, Inc	3623 Nagawicka Shores Drive, City Of Delafield, WI	US
S1-179988355	Silver Foods Private Limited	Plot No. 19, 1St Floor, Madhu Sudan Nagar, Unit - 4, Bhubaneswar, Khordha, Orissa	India
S1-550628962	Bright North Engineering Private Limited	J-135, Delhi, New Delhi, S/F, Rbi Enclave, West Delhi	India
S1-743454338	Milo Pizza Associates	8100 Camelback Road, Unit LOT 171, Scottsdale, AZ	US
S1-989128289	National Convertible LLC	922 Eastern Parkway, Brooklyn, NY	US
S1-136067167	Bombay Infra	C/O Gopal Ch Bera, Simurali, Nadia, Chakdah, Chakdah, Nadia, West Bengal	India
S1-515966110	Jvp Holdings	Office No. 305, Navrang, Shopping Acrade Gokhalerd, Mumbai, Maharashtra	India
S1-505317482	Kotz Jpmorgan of Pikesville	204 Slade Avenue, Pikesville, MD	US
S1-439870713	Anderson Electric LLC	8 Oliver Street, Worcester, MA, Unit 3	US
S1-530745735	Premier Tax LLC	201 Curiel Street, Eloy, AZ	US
S1-293729533	Jenna Flack Emerging LLC	1627 Judy Street, Purcell, OK	US
S1-962935782	Capital Triumph LLC	700 Adelynn Lane, Unit 4G, Greensboro, NC	US
S1-885550993	Aurent Energy	1817 Dearmon Drive, Charlotte, NC	US
S1-786487726	Nature Building Associates	29/12-Na, Block-29 Shakti Nagar, Block 29, Delhi, North Delhi, Delhi	India
S1-659745307	Creative Consultants Private Limited	No. 311/26, I Floor, 6Th Cross I Stage, I Phase, Mathikere, Bangalore, Karnataka	India
S1-721743574	Atlantic Foundation	3425 Beret Lane, Silver Spring, MD	US
S1-544455222	Acumen Crown Private Limited	Plot No 1788, Weavers Colony, Kapra, Secunderabad, Hyderabad, Telangana	India
S1-392978104	Super Engineering Private Limited	3/56, Vinamra Khand Gomti Nagar, Lucknow, Uttar Pradesh	India
S1-187981823	Jaipur Technologies Private Limited	Jaipur, P-309, Jaipur, Rajasthan, Gali No. 6, Patrakar Colony	India
S1-486523244	Primero Consultancy (India) Private Limited	1789 Lal Kuan, New Delhi, Delhi	India
S1-195571639	Collete Miller Keycorp LLC	984 Town Point Road, Chesapeake City, MD	US
S1-334020419	Cunningham Dynamix PC	VA, 109 Shore Drive, Greensville County	US
S1-147699516	TJ Consultants Private Limited	4A, Narendra Chandra Dutta Sarani 2Nd Floor, Unit No. 205, Kolkata, Kolkata, Howrah, West Bengal	India
S1-876625968	Great Management Private Limited	101 A Hari Nagarashram Chowk, New Delhi, South Delhi, Delhi	India
S1-891849238	Ashish Pens Partners	117/N/496, Rani Ganj, Kakadeo, Kanpur, Uttar Pradesh	India
S1-257546833	Beejay & Partners	T C Iv/22381, Manjuvilagam House Kuravam Konam, Thiruvananthapuram, Trivandrum, Kerala	India
S1-536877574	Piedmont College	122 Loma Vista Drive, Tempe, AZ	US
S1-786775439	296-297 West Owners Corp	18009 Icicle Road, Town Of Sparta, WI	US
S1-614321203	Prastuti Hospitality (India) Private Limited	3022 S/F Kucha Nil Kant Daryaganj, Delhi, Central Delhi, Delhi	India
S1-836976234	MA Gold	815 Colter Street, Unit 380, Phoenix, AZ	US
S1-519241785	Internal Medicine Center of Charlotte Inc.	2307 Tryon Street, Unit 241, Charlotte, NC	US
S1-594274414	Blue Media Pvt Ltd	H-19/157, Sector-7 Rohini, New Delhi, Delhi	India
S1-315171811	Torres and Tegeler LLC	120 Lawson Avenue, Saint Paul, MN	US
S1-761147254	Rocky Cayson	5465 Lake Road, Unit TIMES SQ, Geneva On The Lake, OH	US
S1-592721607	Midwest Virtus LLC	607 Walston Lane, Houston, TX	US
S1-870244834	Jaipur Construction Pvt Ltd	Plot No 225, Arya Nagar, Jaipur, Rajasthan	India
S1-448935777	Sun High Hospitality Private Limited	Gautam Buddha Nagar, Uttar Pradesh, Noida, P-125, 123, Vedya Realtors Shahberi, Near Sai Mandir Greater Noida West Tehsil	India
S1-116643890	Loving Orthopedic Associates LLC	499 Shepard Lane, Loving, TX	US
S1-387663358	Sauhard Welfare Society Limited	Shop No.26 & 27, Ground Floor, Parsavnath Metro Mall, Inderlok, New Delhi, New Delhi, North West, Delhi	India
S1-238590920	86/87 Karman Associates	2113 Oak Forest Drive, Orange, TX	US
S1-28432641	Big Systems Private Limited	H.No.2-91/14-8, C/O. Tara Residency White Field, Serilingampally, K.V.Rangareddy, Telangana	India
S1-483459295	West Sunrise	5220 Main Street, Stephens City Town, VA	US
S1-907802823	Hardin Grand Origin Inc	4430 Dewey Avenue, Greece, NY	US
S1-157261708	Paras & Partners	C/O Brij Kishore, Padara Road, Faridpur, Bareilly, Uttar Pradesh	India
S1-576366269	Federal Committee Inc	3358 Colorado Blue Court, Gastonia, NC	US
S1-460910085	Summit Program	17220 Silver Maple Court, Chesterfield County, VA	US
S1-816844407	Campos, Tovar and Miller Phoenix, Inc	415 Mar Loop, Eugene, OR	US
S1-400363104	Gonzalez Prairie Andretti Corp	2465 Benton Young Road, Unit 1, Putnam County, TN	US
S1-709505188	Premier Gold Services Private Limited	Khasra 295/296, Transport Nagar Metro Station Adjacent To Ccs Airport, Lucknow, Uttar Pradesh	India
S1-760906521	Daisey's Ventures	254 Heartwood Court, Fl 0, Glen Burnie, MD	US
S1-260325477	VWB Prime Live	OH, 10155 Young Road, Bremen	US
S1-139362523	Valley Bond	202 Spencer Road, Oakham, MA	US
S1-109033245	Celka Pierce, DMD	3 Soga Place, Hot Springs Village, AR	US
S1-186981355	Kozhikode Creative Center	29/505, T K Complex, Koduvally, Kozhikode, Kerala	India
S1-552181691	Merenda & Mancino	OH, 12670 Cable Road, Pataskala	US
S1-154959463	Valley Guild Group	254 Apraw Road, Washington, IN	US
S1-626971518	Civic Vidyalaya	P.O. Kotalpur, Dist. Bankura, Kotallpur, Howrah, West Bengal, Vill. Gogra, Kolkata	India
S1-846984252	Family Center	1003 Crystal Lane, Town Of Beloit, WI	US
S1-677193140	3763 Lake Boulevard Company	504 Redbird Circle, Town Of Ledgeview, WI	US
S1-942160416	Bentley Empire Freight Corp	2224 Lakelet Drive, Mckinney, TX	US
S1-485469727	Best Network Studios	714 9th Street, Guymon, OK	US
S1-294010658	Marutinandan Medical Centre	S/F Flat No 301, Sulhakul Vihar Kakrola, Delhi, New Delhi, Plot 97A 97B, South West Delhi	India
S1-147096720	Rbr International School	Maharashtra, Mumbai, 4-A Rizvi Park 5-Aaltamount Road	India
S1-657773045	Supreme Software LLP	1-266/1, Mathrushree, Bellairu Grama, Ks Rao Nagar, Karnad, Mangalore, Dakshina Kannada, Karnataka	India
S1-909178195	Kolkata Energy Pvt. Ltd.	94 Girish Ghosh Road, 5Th Floor, Flat A Belur, Kolkata, Howrah, West Bengal	India
S1-445022660	Sky Trading Private Limited	S 29/1/4/5 Chaitanya Class Ic Fl 22 Dhankawadi, Pune, Maharashtra	India
S1-808588767	Satya Services Private Limited	120, Sowripalayam Road Krishnaswamy Nagar, Coimbatore, Tamil Nadu	India
S1-67184666	United Managed L.L.C.	904 Church Hill Road, Centreville, MD	US
S1-394252949	Cs India Private Limited	S. No. 136/P Opp. Ganga Ceramic, Tal. Wankaner, Vaghasia, Gujarat	India
S1-80408650	Jodhpur Cabs LLP	House No -1, Sigma Commerzone, Nr Galops Mall Iscon Cross Road, S G Highway, Jodhpur, Ahmedabad, Gujarat	India
S1-339384180	FH Business Pvt Ltd	602, 6Th Floor, Crystal Mall, Bani Park, Jaipur, Rajasthan	India
S1-808343586	QQ Rocky Federal Inc	OH, Ashland, 798 Orange Twp Rd 944	US
S1-555505782	Unique Vijay Technology Private Limited	H No.19-1-455 & 456 Kamati Pura, Hyderabad, Telangana	India
S1-70964295	Cardiology Medicine	10342 Elizabeth Street, Goshen, OH	US
S1-60866268	Complete Rapid Muniyield, Inc	12556 Yorkshire Drive, Apple Valley, CA	US
S1-968162385	Cardiology Center Inc	763 Alex Way, Cambridge, MD	US
S1-56862464	Jenn Thomas Capital Grade L.L.C.	7622 Camelback Road, Unit UNIT 2, Scottsdale, AZ	US
S1-930274740	EYN Opportunity LLC	411 Scholastic Drive, Winston-salem, NC	US
S1-451851393	Colon and Smith LLC	5924 Pine Hill Drive, New Lexington, OH	US
S1-863265612	Akarshak (India) Services Private Limited	Karnataka, 143, Bangalore, Iv Main Road, Malleswarm, Bangalore, Ngalore	India
S1-218056464	Mountain Clear Webster	4555 122, Hobgood, NC	US
S1-587134703	Anil State Corp	8, Godhara, Panch Mahals, Gujarat, Huzefa Apartment, 2Nd Floor Nr. Jamali Masjid, Vohrawad, Amli Faliya	India
S1-144105018	Primary Care Optimal Physicians LLC	41 George Urban Boulevard, Fl Floor 2, Cheektowaga, NY	US
S1-723716446	Urgent Care Apex Clinic LLC	6153 St Rte 45, Bristolville, OH	US
S1-628147827	Dna Career	Kozhikode, 5/274, Darul Ameen, Pulikkalthazham, Kerala	India
S1-175644321	American Preferred Generating LLC	2731 Ar 351 Highway, Jonesboro, AR	US
S1-691615940	Rapid Transit Laboratories Care	8201 Highpoint Road, Fl 0, Curtis Bay, MD	US
S1-251355086	India Rainbow Hvac Pvt Ltd	3Rd Flr, Trellis Premises Chs Ltd, L.B.S Marg, Opp. Asha Petrol Pump, Kurla (West), Mumbai, Mumbai, Unit No. 302, Maharashtra, Mumbai	India
S1-881813159	International Baba Energy Private Limited	705 Kaivannanr Panchvati Ellisbridge, Ahmedabad, Gujarat	India
S1-263149000	Services Grocery Chakra	D8, Grand Cag Central, Avinashi Road, North Zone Ward-039, Coimbatore, 496, Coimbatore South, Tamil Nadu	India
S1-953593844	X+ Globa Inc	5218 A Delridge Way, Seattle, WA	US
S1-336357570	Robertson All Sierra Inc	1605 River Road, Lavaca, AR	US
S1-627567105	Nonaex LLC	4131 Cobblestone Lane, City Of Janesville, WI	US
S1-789219306	Gonzalez's Dental Inc	9506 Riverland Lane, Houston, TX	US
S1-564682778	Rev It Up Pizza! LLC	272 Robbins Drive, Greenwood, IN	US
S1-951155720	Vasai Caravan Private Limited	Salami Majethia Park, Flat No 28, Achole Rd, Tulini, Vasai, Thane, Maharashtra	India
S1-500841322	Leeway Traders Ltd	Plot No. 164, 1St Floor, Pashupati Nath Nagar Chak Gatore, Jagatpura, Near 6 No. Bus S, Tand, Jaipur, Rajasthan	India
S1-186285378	Prairie Initiative	68 Apple Tree Lane, Weymouth, MA	US
S1-173852392	Peridova Lifeco Inc.	908 Isa Way, Tolar, TX	US
S1-811090379	MKR Services of Coimbatore	Coimbatore, K.L.R.Buildings, 207- Sastri Road, Ramnagar, Coimbatore, D-1, Tamil Nadu	India
S1-905468254	Green Infotech	396, Muthampalayam Housing Unit Phase 2 Kasipalayam Post, Erode, Tamil Nadu	India
S1-648133032	Martinez Tsakos LLC	8969 SW Village Loop, Chanhassen, MN	US
S1-473920584	Esther Dodd Apple Group	N76W24766 Ridgefield Drive, Village Of Lisbon, WI	US
S1-706014441	Sparrow Real Pvt Ltd	55 Babar Road, New Delhi, Central Delhi, Delhi	India
S1-925657592	Abernathy Pinnacle Hub LLC	8700 97th Avenue, Bismarck, ND	US
S1-507862589	Charles Brown, Inc	2501 Loloa Drive, Kingsville, MD	US
S1-990026822	Jain Hospitality Private Limited	C/O Smt Neelam Devi, Gaya, Village Shahpur, Panch Musaila, Block Mohanpur, Bihar, Gaya	India
S1-52821063	Peterson and Young P.C.	419 5th Street, Blaine, WA	US
S1-715151495	Street Inc	30 Taylor Drive, Unit 3003, Reading, MA	US
S1-710478540	Platinum Green Boral PLLC	5252 Xenophon Court, Dakota Ridge, CO	US
S1-426302172	Odonnell and Love LLC	49 107th Avenue, Killdeer, ND	US
S1-544584333	Sands Stanley, LLC	361 SE 4th St, Ogden, IA	US
S1-350010068	Juliane Arduini Hawaii	20992 Jefferson Road, Lincoln, DE	US
S1-686725602	Direct Defense Union	OH, 560 St Rte 60, Greenwich	US
S1-441655063	Polebridge Regional Church LLC	135 Rainbow Drive, Polebridge, MT	US
S1-486675299	Axis Technologies Egmore Nungambakkam	32, Lakshmi Talkies Road, Egmore Nungambakkam, Chennai, Tamil Nadu	India
S1-136262077	My Zips Private Limited	9 Floor 3 Plot 78/80 Abbas Manzil, Sarang Street, Crowford Market, Mandvi, Mumbai, Mumbai City, Maharashtra	India
S1-466807866	Strategic Infrastructure Collective	687 185th Street, OH, Euclid	US
S1-155554520	Johnson, Guthrie and Meadows LLC	40 Battery Street, MA, Unit 109, Boston	US
S1-1235487	Fortune Lotus Care Private Limited	7-70/10, Ayyappa Colony Dammaiguda, Nagaram Post, Kesara Mandal, Secunderabad, Hyderabad, Telangana	India
S1-72859466	Ss Investments Private Limited	A 329 Ground Floor, Sector 69 Noida, Noida, Gautam Buddha Nagar, Uttar Pradesh	India
S1-824914611	Urology Associates LLC	1602 Francis Street, Houston, TX	US
S1-23007901	Engineering Jis Trading Pvt. Ltd.	Vaghela House, S. No. 1199 P/4, Opp. Pnb, Sanand, Ahmedabad, Gujarat	India
S1-445037391	Shagun Lab Limited	R No 126 Rahul Nagar Opp, Guru Krupa Stores Chembur, Mumbai, Maharashtra	India
S1-817666180	Mumbai Trading Private Limited	52Mittaltowera'Wing, 5Thfloor210Narimanpoint, Mumbai, Mumbai City, Maharashtra	India
S1-265298575	Sholes Safe Inc	1437 Arthur Avenue, Lakewood, OH	US
S1-284170892	Creative Alpha Investment Private Limited	C/O Radheshyam Ghanshiram Maran Karmachari Colony Mandi, Kalapipal, Shajapur, Madhya Pradesh	India
S1-665271917	East Business Private Limited	Kh No. 393, Property N No. B-1304 New Ashok Nagar, Delhi, East Delhi, Delhi	India
S1-451915124	Lyndy January Vanguard Square Co	Hyattsville, Unit 3223, 9224 Edwards Way, MD	US
S1-641382136	Vargas Total Printing	5 Silva Street, Carver, MA	US
S1-483220993	Southern Infinite, Inc	47144 Ridge Trail, Buxton, NC	US
S1-615228784	Chiropractic Center LLC	22 Douglas Drive, New Gloucester, ME	US
S1-557630842	Three Technology Private Limited	Mumbai City, Mumbai, Maharashtra, 18Th Floor, 1801, A Wing, Rustomjee Elanza, Mindspace, Link Road Malad (W)	India
S1-510358090	Ellison Aspen PC	Waterloo, IA, 1713 Howard Avenue	US
S1-832411063	Fortune Tech Private Limited	No.23, Vilvanathan Avenue, 2Nd Gate, Salai Nagar Cuddalore Port, Cuddalore, Tamil Nadu	India
S1-698447132	Star Developers Private Limited	No-96/2, Ground Floor Fifth Street Extension, Gandhipuram, Coimbatore, Tamil Nadu	India
S1-275132085	Spam (India) Credit Private Limited	Fl No 101 Pt No 143A, Srisai Priya Heights, Ghatkesar, Hyderabad, Telangana	India
S1-942843340	Vrisa Solutions Ltd	49-4-12/122, Aadarsh Colony, Vijayawada (Urban), Krishna, Andhra Pradesh	India
S1-671412118	Pinnacle Mortgage Corporation-Austin	2604 Gamma Way, Austin, TX	US
S1-638254235	Great Medical Center	3719 Brook Shadow Drive, Kingwood, TX	US
S1-537684138	Ram Marketing	Delhi, New Delhi, South West Delhi, Mahipalpur Extn, 2 B G/F Block K-2	India
S1-814052031	Akshar India Private Limited	124 First Floor, Vardhman Mayur Market, Csc, Mayur Vihar Iii, Kondli, Gharoli, Delhi	India
S1-755214202	Shiva Investment Private Limited	Rhno-52 Plno-Rh-7 Midc H, R.H.K.Co-Op.Hos.Soc.Ltd, Aurangabad, Maharashtra	India
S1-743390725	Behavioral Health Center	12 10th Street, Council Grove, KS	US
S1-365046346	Trip Welfare Society	1/254, Baraban Khurd Thana Kakori, Lucknow, Uttar Pradesh	India
S1-40354174	H/X Controls	28103 Fm 2978, Magnolia, TX	US
S1-533729775	Nature Building Private Limited	18-A Mall Road, R B Rattan Chand Amritsar Gpo Marg, Amritsar, Punjab	India
S1-14700991	Ram International Infra Private Limited	C/O M/S Creation Biotech Ganganagar Colony, Behind Swasti Hospital, Bareilly, Uttar Pradesh	India
S1-773991008	Briney G. Lyons, L.C.S.W. P.C.	3941 Dunhagan Road, Greenville, NC	US
S1-585894716	Good Hitech Estate Private Limited	14, 3Rd Flr, Mulji Jetha, Bldg, Mahalaxmi Mandir Rd, Mumbai, Maharashtra	India
S1-294042791	Daniels Shore	2743 Franklin Boulevard, CA, Sacramento	US
S1-627869774	Bharat Impex Private Limited	House No. 661, Sector - 19, Faridabad, Haryana	India
S1-46554223	Aman Emart Limited	Flat-Shree 1008 Plot-164, Sector 4 Karanjade Panvel, Panvel, Raigarh(Mh), Maharashtra	India
S1-561560160	Gulf Trusted Highland PC	5565 Dixie Road, Mauckport, IN	US
S1-529127487	Glad's Therapy Group	6201 Shelby Ridge Street, Spokane, WA	US
S1-275501401	Midwest Committee	1107 Greenway Crescent Lane, Charlotte, NC	US
S1-835620634	Seor Preferred Starling LLC	1410 Midpark Drive, City Of Appleton, WI	US
S1-372168802	Clean Optimal Bdc LLC	794 54, Schroeppel, NY	US
S1-893051757	Premier Finance Limited	Sr.No.63/1/8, Plot No. 32, Lane No. -4, Matoshree Apartment, Rajaram Patil Nagar, Kharadi, Pune, Maharashtra	India
S1-262933196	OCO Systems Private Limited	D 35 Keshav Nagar, Numaish Camp, Saharanpur, Uttar Pradesh	India
S1-366327432	Valley Fund	332 Oxford Way, Pelham, AL	US
S1-5799725	Allied Heritage Pineapple LLC	4804 Elm Street, Spokane, WA	US
S1-788199066	Sungold Foundation	Plot No. B-18, Shendra Five Star Industrial Area Midc, Aurangabad, Maharashtra	India
S1-177231264	Stout, Kerrin, O.D.	2330 H Avenue, New Castle, IN	US
S1-860106373	Desert Association	631 Forest Glen Circle, Murfreesboro, TN	US
S1-609102019	Pediatric Medicine of Cimarron Hills	7245 24, Unit 120, Cimarron Hills, CO	US
S1-516690510	Ravitech Task Private Limited	F No-301, Dhanalakshmi Residency, Visakhapatnam, Visakhapatnam, Vishakhapatnam, Andhra Pradesh	India
S1-478271737	Medina Pioneer Hancock Inc	3223 57th Avenue, Spokane, WA	US
S1-848264467	All Food Private Limited	Flat 4, Ground Floor, B Wing Saileela Chsl, Rcf Mahul Road, Chembur, Mumbai, Mumbai City, Maharashtra	India
S1-333449389	Best Food Private Limited	707, Maharashtra, Level 6 & 7, Maker, Maxity No. 4 North Avenue, Mumbai	India
S1-864848726	Red Bike Shop	50 Morris Street, Albany, NY	US
S1-341717792	Hotel Engineering Pvt Ltd	S 1 Plot No 32 Sector 6 Vaishali, Ghaziabad, Uttar Pradesh	India
S1-670119172	Peak Integrated Smart	166 Essex Street, East Hampton, NY	US
S1-526964981	Jeanette Fisher Alliance LLC	4314 Cobblewood Court, Independence, KY	US
S1-781899532	Marshfield Innovative Ashford	236 Moraine Street, Marshfield, MA	US
S1-174129319	Melonie Rodriguez Debt PLLC	OH, Parma, 2815 Dellwood Drive	US
S1-46987120	Behavioral Health National Partners	Unit APARTMENT K, MD, Carroll, 1201 Valleybrook Court	US
S1-562038470	Dynamic Rapid Couture L.L.C.	5013 Farmfield Road, Newman Lake, WA	US
S1-572186351	Cure Ice Cream	1009 1/2 7th Avenue, Kelso, WA	US
S1-911125938	Lakhani Digital Pvt. Ltd.	Tc 57/459-1, Sowparnika, Vayanashala Jn, Punchakkari, Thiruvananthapuram, Thiruvananthapuram, Trivandrum, Kerala	India
S1-948655136	Disha Blend Ltd	105/28, Santoshi Aptt, Near Income Tax Office, Erandawna, Pune, Maharashtra	India
S1-687925718	Couch and Ball Mckinley LLC	6959 Alcala, Grand Prairie, TX	US
S1-102966551	Trusted Telecom Holdings	6797 Bexhill Drive, Middletown, OH	US
S1-931092116	Elsa Young, D.C.	90 High Tower Road, South Windsor, CT	US
S1-957340511	Desert Society Inc	4038 Talmadge Road, Unit 102, Toledo, OH	US
S1-700408112	Price Total Pacific Inc	1669 P, Town Of Eaton, WI	US
S1-765490751	Magdaia Abe Premium Inc	41 Trail Drive, Linden, TN	US
S1-307217895	Little Institute	272/1 Sathe Colony, Mulshi, Pune, Bhoirwadi, Pune, Maharashtra	India
S1-390296302	OR Kaushal Ltd	10 Sakthi Nagar Porur, Chennai, Tamil Nadu	India
S1-133697718	Namami (India) Sales Private Limited	Ftno.G-07 Tower-2, Praneeth Pranav Flora, Tirumalagiri, Hyderabad, Telangana	India
S1-658396121	ET Take Private Limited	'Vrindavan', T.C.17/1072(1), Cgra 33, Opp. Nath Memorial School, Rotary Juncti, On, Poojappura Po, Thiruvananthapuram, Trivandrum, Kerala	India
S1-522808401	Coastal Security Services	908 Woodtick Road, Waterbury, CT	US
S1-668759233	Basalt Compania	8935 Sr 26, Marietta, OH	US
S1-756262362	Holy Zion	54 Dykes Park Road, Clarkstown, NY	US
S1-156157364	Aarvva Chit Private Limited	Rajasthan, Diamond Motors, Girwa, N.H -8 Sukher, Udaipur	India
S1-221212214	Nirbhai Parks Private Limited	105, Sahajanand Complex, B/H Bhagwati Chambers, Nr. Swastik Cross Roads, Navrangpura, Ahmedabad, Gujarat	India
S1-503424572	Parrow, Ringo & Reinbold Alphabet L.L.C.	271 Little John Loop, Alexander City, AL	US
S1-336475554	RCP Group	1/246 Vinamra Khand, G.N., Lucknow, Uttar Pradesh	India
S1-610782834	Sree Finance Limited	C-102/B-2 First Floor, Krishna Vandana Complex, Vichumbe, Near Pillay College, New Panve, L-(E), New Panvel, Raigarh, Maharashtra	India
S1-933503172	Bombay It Private Limited	South Delhi, Delhi, House No. 15, Kaushalya Park Hauz Khas, New Delhi, New Delhi	India
S1-608423827	Atlantic Alliance	3120 Bristol Drive, Springfield, OH	US
S1-34289242	Le and Wright LLC	375 Vista Circle, City Of River Falls, WI	US
S1-443860148	Lewis First National LLC	8000 River Pointe Drive, Unit Apt 5B13, Maumelle, AR	US
S1-718053012	Satya Solar Private Limited	Flat 301, Nishi Palace, Plot No 225, 9Th Main Road, Hrbr 1St Block, Bangalore North, Bangalore, Karnataka	India
S1-857110375	Fresh Platinum LLC	23 Winnard Road, Hampton City, VA	US
S1-355754496	North Continental Pro	11422 45th Avenue, Village Of Lake Hallie, WI	US
S1-976739153	Saving Investments	Housing, Property, Nawabganj, 137 Ganga Nagar, Uttar Pradesh, Kanpur Nagar, Nawabganj	India
S1-263106646	Cardenas Preferred	303 Village Street, Medway, MA	US
S1-327109718	High Projects Limited	P.No.57, Vittala Rao Nagar Madhapur, Hyderabad, Telangana	India
S1-917688015	Novyx Networks Inc	35973 Bushwacker Pass Street, San Tan Valley, AZ	US
S1-224355626	Luxora (India) Feeds Private Limited	The Spire Office No. 409, B, 150 Ft Ring Road, Rajkot, Gujarat	India
S1-553150887	Prosser Americas	Tulsa, OK, 551 Memorial Drive	US
S1-196692460	Mutual Education Concepts LLC	78 Dutch Hollow Drive, Orangetown, NY	US
